Year,OBS_STATUS,UNIT_MULT,NATURE,SOURCE_DETAIL,FREQ,REPORTING_TYPE,SERIES,REF_AREA,SEX,URBANISATION,UNIT_MEASURE,TIME_DETAIL,Value
2004,A,0,C,MoEYS_Education Statistics & Indicators,A,N,N_KH_04010102_01,KH,F,,PT,2019-2020,20.0
2005,A,0,C,MoEYS_Education Statistics & Indicators,A,N,N_KH_04010102_01,KH,F,,PT,2019-2020,18.5
2006,A,0,C,MoEYS_Education Statistics & Indicators,A,N,N_KH_04010102_01,KH,F,,PT,2019-2020,35.2
2007,A,0,C,MoEYS_Education Statistics & Indicators,A,N,N_KH_04010102_01,KH,F,,PT,2019-2020,44.2
2008,A,0,C,MoEYS_Education Statistics & Indicators,A,N,N_KH_04010102_01,KH,F,,PT,2019-2020,45.9
2009,A,0,C,MoEYS_Education Statistics & Indicators,A,N,N_KH_04010102_01,KH,F,,PT,2019-2020,47.3
2010,A,0,C,MoEYS_Education Statistics & Indicators,A,N,N_KH_04010102_01,KH,F,,PT,2019-2020,44.3
2011,A,0,C,MoEYS_Education Statistics & Indicators,A,N,N_KH_04010102_01,KH,F,,PT,2019-2020,41.6
2012,A,0,C,MoEYS_Education Statistics & Indicators,A,N,N_KH_04010102_01,KH,F,,PT,2019-2020,40.4
2013,A,0,C,MoEYS_Education Statistics & Indicators,A,N,N_KH_04010102_01,KH,F,,PT,2019-2020,40.0
2014,A,0,C,MoEYS_Education Statistics & Indicators,A,N,N_KH_04010102_01,KH,F,,PT,2019-2020,41.8
2015,A,0,C,MoEYS_Education Statistics & Indicators,A,N,N_KH_04010102_01,KH,F,,PT,2019-2020,41.3
2016,A,0,C,MoEYS_Education Statistics & Indicators,A,N,N_KH_04010102_01,KH,F,,PT,2019-2020,46.0
2017,A,0,C,MoEYS_Education Statistics & Indicators,A,N,N_KH_04010102_01,KH,F,,PT,2019-2020,49.0
2018,A,0,C,MoEYS_Education Statistics & Indicators,A,N,N_KH_04010102_01,KH,F,,PT,2019-2020,50.2
2019,A,0,C,MoEYS_Education Statistics & Indicators,A,N,N_KH_04010102_01,KH,F,,PT,2019-2020,49.5
2004,A,0,C,MoEYS_Education Statistics & Indicators,A,N,N_KH_04010102_01,KH,F,U,PT,2019-2020,37.3
2005,A,0,C,MoEYS_Education Statistics & Indicators,A,N,N_KH_04010102_01,KH,F,U,PT,2019-2020,33.8
2006,A,0,C,MoEYS_Education Statistics & Indicators,A,N,N_KH_04010102_01,KH,F,U,PT,2019-2020,70.1
2007,A,0,C,MoEYS_Education Statistics & Indicators,A,N,N_KH_04010102_01,KH,F,U,PT,2019-2020,79.8
2008,A,0,C,MoEYS_Education Statistics & Indicators,A,N,N_KH_04010102_01,KH,F,U,PT,2019-2020,73.1
2009,A,0,C,MoEYS_Education Statistics & Indicators,A,N,N_KH_04010102_01,KH,F,U,PT,2019-2020,64.8
2010,A,0,C,MoEYS_Education Statistics & Indicators,A,N,N_KH_04010102_01,KH,F,U,PT,2019-2020,55.9
2011,A,0,C,MoEYS_Education Statistics & Indicators,A,N,N_KH_04010102_01,KH,F,U,PT,2019-2020,50.3
2012,A,0,C,MoEYS_Education Statistics & Indicators,A,N,N_KH_04010102_01,KH,F,U,PT,2019-2020,50.9
2013,A,0,C,MoEYS_Education Statistics & Indicators,A,N,N_KH_04010102_01,KH,F,U,PT,2019-2020,50.0
2014,A,0,C,MoEYS_Education Statistics & Indicators,A,N,N_KH_04010102_01,KH,F,U,PT,2019-2020,49.7
2015,A,0,C,MoEYS_Education Statistics & Indicators,A,N,N_KH_04010102_01,KH,F,U,PT,2019-2020,44.7
2016,A,0,C,MoEYS_Education Statistics & Indicators,A,N,N_KH_04010102_01,KH,F,U,PT,2019-2020,46.4
2017,A,0,C,MoEYS_Education Statistics & Indicators,A,N,N_KH_04010102_01,KH,F,U,PT,2019-2020,47.8
2018,A,0,C,MoEYS_Education Statistics & Indicators,A,N,N_KH_04010102_01,KH,F,U,PT,2019-2020,48.3
2019,A,0,C,MoEYS_Education Statistics & Indicators,A,N,N_KH_04010102_01,KH,F,U,PT,2019-2020,48.2
2004,A,0,C,MoEYS_Education Statistics & Indicators,A,N,N_KH_04010102_01,KH,F,R,PT,2019-2020,15.6
2005,A,0,C,MoEYS_Education Statistics & Indicators,A,N,N_KH_04010102_01,KH,F,R,PT,2019-2020,15.2
2006,A,0,C,MoEYS_Education Statistics & Indicators,A,N,N_KH_04010102_01,KH,F,R,PT,2019-2020,29.5
2007,A,0,C,MoEYS_Education Statistics & Indicators,A,N,N_KH_04010102_01,KH,F,R,PT,2019-2020,38.4
2008,A,0,C,MoEYS_Education Statistics & Indicators,A,N,N_KH_04010102_01,KH,F,R,PT,2019-2020,41.5
2009,A,0,C,MoEYS_Education Statistics & Indicators,A,N,N_KH_04010102_01,KH,F,R,PT,2019-2020,43.7
2010,A,0,C,MoEYS_Education Statistics & Indicators,A,N,N_KH_04010102_01,KH,F,R,PT,2019-2020,41.4
2011,A,0,C,MoEYS_Education Statistics & Indicators,A,N,N_KH_04010102_01,KH,F,R,PT,2019-2020,39.5
2012,A,0,C,MoEYS_Education Statistics & Indicators,A,N,N_KH_04010102_01,KH,F,R,PT,2019-2020,37.7
2013,A,0,C,MoEYS_Education Statistics & Indicators,A,N,N_KH_04010102_01,KH,F,R,PT,2019-2020,37.6
2014,A,0,C,MoEYS_Education Statistics & Indicators,A,N,N_KH_04010102_01,KH,F,R,PT,2019-2020,39.8
2015,A,0,C,MoEYS_Education Statistics & Indicators,A,N,N_KH_04010102_01,KH,F,R,PT,2019-2020,40.4
2016,A,0,C,MoEYS_Education Statistics & Indicators,A,N,N_KH_04010102_01,KH,F,R,PT,2019-2020,45.9
2017,A,0,C,MoEYS_Education Statistics & Indicators,A,N,N_KH_04010102_01,KH,F,R,PT,2019-2020,49.3
2018,A,0,C,MoEYS_Education Statistics & Indicators,A,N,N_KH_04010102_01,KH,F,R,PT,2019-2020,50.7
2019,A,0,C,MoEYS_Education Statistics & Indicators,A,N,N_KH_04010102_01,KH,F,R,PT,2019-2020,49.9
2004,A,0,C,MoEYS_Education Statistics & Indicators,A,N,N_KH_04010102_01,KH,F,REMOTE,PT,2008-2009,14.9
2005,A,0,C,MoEYS_Education Statistics & Indicators,A,N,N_KH_04010102_01,KH,F,REMOTE,PT,2008-2009,10.6
2006,A,0,C,MoEYS_Education Statistics & Indicators,A,N,N_KH_04010102_01,KH,F,REMOTE,PT,2008-2009,11.8
2007,A,0,C,MoEYS_Education Statistics & Indicators,A,N,N_KH_04010102_01,KH,F,REMOTE,PT,2008-2009,16.8
2008,A,0,C,MoEYS_Education Statistics & Indicators,A,N,N_KH_04010102_01,KH,F,REMOTE,PT,2008-2009,20.2
2005,A,0,C,MoEYS_Education Statistics & Indicators,A,N,N_KH_04010102_01,KH,M,,PT,2019-2020,20.0
2006,A,0,C,MoEYS_Education Statistics & Indicators,A,N,N_KH_04010102_01,KH,M,,PT,2019-2020,48.8
2007,A,0,C,MoEYS_Education Statistics & Indicators,A,N,N_KH_04010102_01,KH,M,,PT,2019-2020,52.9
2008,A,0,C,MoEYS_Education Statistics & Indicators,A,N,N_KH_04010102_01,KH,M,,PT,2019-2020,52.1
2009,A,0,C,MoEYS_Education Statistics & Indicators,A,N,N_KH_04010102_01,KH,M,,PT,2019-2020,50.0
2010,A,0,C,MoEYS_Education Statistics & Indicators,A,N,N_KH_04010102_01,KH,M,,PT,2019-2020,44.6
2011,A,0,C,MoEYS_Education Statistics & Indicators,A,N,N_KH_04010102_01,KH,M,,PT,2019-2020,42.6
2012,A,0,C,MoEYS_Education Statistics & Indicators,A,N,N_KH_04010102_01,KH,M,,PT,2019-2020,42.2
2013,A,0,C,MoEYS_Education Statistics & Indicators,A,N,N_KH_04010102_01,KH,M,,PT,2019-2020,38.2
2014,A,0,C,MoEYS_Education Statistics & Indicators,A,N,N_KH_04010102_01,KH,M,,PT,2019-2020,38.9
2015,A,0,C,MoEYS_Education Statistics & Indicators,A,N,N_KH_04010102_01,KH,M,,PT,2019-2020,37.3
2016,A,0,C,MoEYS_Education Statistics & Indicators,A,N,N_KH_04010102_01,KH,M,,PT,2019-2020,39.4
2017,A,0,C,MoEYS_Education Statistics & Indicators,A,N,N_KH_04010102_01,KH,M,,PT,2019-2020,40.4
2018,A,0,C,MoEYS_Education Statistics & Indicators,A,N,N_KH_04010102_01,KH,M,,PT,2019-2020,40.7
2019,A,0,C,MoEYS_Education Statistics & Indicators,A,N,N_KH_04010102_01,KH,M,,PT,2019-2020,39.7
2005,A,0,C,MoEYS_Education Statistics & Indicators,A,N,N_KH_04010102_01,KH,M,U,PT,2019-2020,33.4
2006,A,0,C,MoEYS_Education Statistics & Indicators,A,N,N_KH_04010102_01,KH,M,U,PT,2019-2020,81.4
2007,A,0,C,MoEYS_Education Statistics & Indicators,A,N,N_KH_04010102_01,KH,M,U,PT,2019-2020,86.6
2008,A,0,C,MoEYS_Education Statistics & Indicators,A,N,N_KH_04010102_01,KH,M,U,PT,2019-2020,85.1
2009,A,0,C,MoEYS_Education Statistics & Indicators,A,N,N_KH_04010102_01,KH,M,U,PT,2019-2020,71.5
2010,A,0,C,MoEYS_Education Statistics & Indicators,A,N,N_KH_04010102_01,KH,M,U,PT,2019-2020,66.0
2011,A,0,C,MoEYS_Education Statistics & Indicators,A,N,N_KH_04010102_01,KH,M,U,PT,2019-2020,54.8
2012,A,0,C,MoEYS_Education Statistics & Indicators,A,N,N_KH_04010102_01,KH,M,U,PT,2019-2020,52.1
2013,A,0,C,MoEYS_Education Statistics & Indicators,A,N,N_KH_04010102_01,KH,M,U,PT,2019-2020,49.5
2014,A,0,C,MoEYS_Education Statistics & Indicators,A,N,N_KH_04010102_01,KH,M,U,PT,2019-2020,49.5
2015,A,0,C,MoEYS_Education Statistics & Indicators,A,N,N_KH_04010102_01,KH,M,U,PT,2019-2020,44.4
2016,A,0,C,MoEYS_Education Statistics & Indicators,A,N,N_KH_04010102_01,KH,M,U,PT,2019-2020,43.7
2017,A,0,C,MoEYS_Education Statistics & Indicators,A,N,N_KH_04010102_01,KH,M,U,PT,2019-2020,43.4
2018,A,0,C,MoEYS_Education Statistics & Indicators,A,N,N_KH_04010102_01,KH,M,U,PT,2019-2020,43.3
2019,A,0,C,MoEYS_Education Statistics & Indicators,A,N,N_KH_04010102_01,KH,M,U,PT,2019-2020,43.8
2005,A,0,C,MoEYS_Education Statistics & Indicators,A,N,N_KH_04010102_01,KH,M,R,PT,2019-2020,17.1
2006,A,0,C,MoEYS_Education Statistics & Indicators,A,N,N_KH_04010102_01,KH,M,R,PT,2019-2020,43.2
2007,A,0,C,MoEYS_Education Statistics & Indicators,A,N,N_KH_04010102_01,KH,M,R,PT,2019-2020,47.4
2008,A,0,C,MoEYS_Education Statistics & Indicators,A,N,N_KH_04010102_01,KH,M,R,PT,2019-2020,47.1
2009,A,0,C,MoEYS_Education Statistics & Indicators,A,N,N_KH_04010102_01,KH,M,R,PT,2019-2020,45.7
2010,A,0,C,MoEYS_Education Statistics & Indicators,A,N,N_KH_04010102_01,KH,M,R,PT,2019-2020,40.2
2011,A,0,C,MoEYS_Education Statistics & Indicators,A,N,N_KH_04010102_01,KH,M,R,PT,2019-2020,39.8
2012,A,0,C,MoEYS_Education Statistics & Indicators,A,N,N_KH_04010102_01,KH,M,R,PT,2019-2020,37.8
2013,A,0,C,MoEYS_Education Statistics & Indicators,A,N,N_KH_04010102_01,KH,M,R,PT,2019-2020,35.6
2014,A,0,C,MoEYS_Education Statistics & Indicators,A,N,N_KH_04010102_01,KH,M,R,PT,2019-2020,36.3
2015,A,0,C,MoEYS_Education Statistics & Indicators,A,N,N_KH_04010102_01,KH,M,R,PT,2019-2020,35.6
2016,A,0,C,MoEYS_Education Statistics & Indicators,A,N,N_KH_04010102_01,KH,M,R,PT,2019-2020,38.3
2017,A,0,C,MoEYS_Education Statistics & Indicators,A,N,N_KH_04010102_01,KH,M,R,PT,2019-2020,39.6
2018,A,0,C,MoEYS_Education Statistics & Indicators,A,N,N_KH_04010102_01,KH,M,R,PT,2019-2020,40.0
2019,A,0,C,MoEYS_Education Statistics & Indicators,A,N,N_KH_04010102_01,KH,M,R,PT,2019-2020,38.7
2005,A,0,C,MoEYS_Education Statistics & Indicators,A,N,N_KH_04010102_01,KH,M,REMOTE,PT,2008-2009,13.7
2006,A,0,C,MoEYS_Education Statistics & Indicators,A,N,N_KH_04010102_01,KH,M,REMOTE,PT,2008-2009,16.1
2007,A,0,C,MoEYS_Education Statistics & Indicators,A,N,N_KH_04010102_01,KH,M,REMOTE,PT,2008-2009,19.6
2008,A,0,C,MoEYS_Education Statistics & Indicators,A,N,N_KH_04010102_01,KH,M,REMOTE,PT,2008-2009,24.0
2004,A,0,C,MoEYS_Education Statistics & Indicators,A,N,N_KH_04010102_01,KH,,,PT,2019-2020,20.6
2005,A,0,C,MoEYS_Education Statistics & Indicators,A,N,N_KH_04010102_01,KH,,,PT,2019-2020,19.3
2006,A,0,C,MoEYS_Education Statistics & Indicators,A,N,N_KH_04010102_01,KH,,,PT,2019-2020,41.9
2007,A,0,C,MoEYS_Education Statistics & Indicators,A,N,N_KH_04010102_01,KH,,,PT,2019-2020,48.7
2008,A,0,C,MoEYS_Education Statistics & Indicators,A,N,N_KH_04010102_01,KH,,,PT,2019-2020,49.0
2009,A,0,C,MoEYS_Education Statistics & Indicators,A,N,N_KH_04010102_01,KH,,,PT,2019-2020,48.7
2010,A,0,C,MoEYS_Education Statistics & Indicators,A,N,N_KH_04010102_01,KH,,,PT,2019-2020,44.4
2011,A,0,C,MoEYS_Education Statistics & Indicators,A,N,N_KH_04010102_01,KH,,,PT,2019-2020,42.1
2012,A,0,C,MoEYS_Education Statistics & Indicators,A,N,N_KH_04010102_01,KH,,,PT,2019-2020,40.6
2013,A,0,C,MoEYS_Education Statistics & Indicators,A,N,N_KH_04010102_01,KH,,,PT,2019-2020,39.1
2014,A,0,C,MoEYS_Education Statistics & Indicators,A,N,N_KH_04010102_01,KH,,,PT,2019-2020,40.3
2015,A,0,C,MoEYS_Education Statistics & Indicators,A,N,N_KH_04010102_01,KH,,,PT,2019-2020,39.2
2016,A,0,C,MoEYS_Education Statistics & Indicators,A,N,N_KH_04010102_01,KH,,,PT,2019-2020,42.6
2017,A,0,C,MoEYS_Education Statistics & Indicators,A,N,N_KH_04010102_01,KH,,,PT,2019-2020,44.5
2018,A,0,C,MoEYS_Education Statistics & Indicators,A,N,N_KH_04010102_01,KH,,,PT,2019-2020,45.3
2019,A,0,C,MoEYS_Education Statistics & Indicators,A,N,N_KH_04010102_01,KH,,,PT,2019-2020,44.5
2004,A,0,C,MoEYS_Education Statistics & Indicators,A,N,N_KH_04010102_01,KH,,U,PT,2019-2020,36.7
2005,A,0,C,MoEYS_Education Statistics & Indicators,A,N,N_KH_04010102_01,KH,,U,PT,2019-2020,33.6
2006,A,0,C,MoEYS_Education Statistics & Indicators,A,N,N_KH_04010102_01,KH,,U,PT,2019-2020,75.9
2007,A,0,C,MoEYS_Education Statistics & Indicators,A,N,N_KH_04010102_01,KH,,U,PT,2019-2020,83.3
2008,A,0,C,MoEYS_Education Statistics & Indicators,A,N,N_KH_04010102_01,KH,,U,PT,2019-2020,79.0
2009,A,0,C,MoEYS_Education Statistics & Indicators,A,N,N_KH_04010102_01,KH,,U,PT,2019-2020,68.2
2010,A,0,C,MoEYS_Education Statistics & Indicators,A,N,N_KH_04010102_01,KH,,U,PT,2019-2020,60.8
2011,A,0,C,MoEYS_Education Statistics & Indicators,A,N,N_KH_04010102_01,KH,,U,PT,2019-2020,52.6
2012,A,0,C,MoEYS_Education Statistics & Indicators,A,N,N_KH_04010102_01,KH,,U,PT,2019-2020,51.5
2013,A,0,C,MoEYS_Education Statistics & Indicators,A,N,N_KH_04010102_01,KH,,U,PT,2019-2020,49.7
2014,A,0,C,MoEYS_Education Statistics & Indicators,A,N,N_KH_04010102_01,KH,,U,PT,2019-2020,49.6
2015,A,0,C,MoEYS_Education Statistics & Indicators,A,N,N_KH_04010102_01,KH,,U,PT,2019-2020,44.5
2016,A,0,C,MoEYS_Education Statistics & Indicators,A,N,N_KH_04010102_01,KH,,U,PT,2019-2020,45.0
2017,A,0,C,MoEYS_Education Statistics & Indicators,A,N,N_KH_04010102_01,KH,,U,PT,2019-2020,45.6
2018,A,0,C,MoEYS_Education Statistics & Indicators,A,N,N_KH_04010102_01,KH,,U,PT,2019-2020,45.8
2019,A,0,C,MoEYS_Education Statistics & Indicators,A,N,N_KH_04010102_01,KH,,U,PT,2019-2020,46.0
2004,A,0,C,MoEYS_Education Statistics & Indicators,A,N,N_KH_04010102_01,KH,,R,PT,2019-2020,16.7
2005,A,0,C,MoEYS_Education Statistics & Indicators,A,N,N_KH_04010102_01,KH,,R,PT,2019-2020,16.2
2006,A,0,C,MoEYS_Education Statistics & Indicators,A,N,N_KH_04010102_01,KH,,R,PT,2019-2020,36.2
2007,A,0,C,MoEYS_Education Statistics & Indicators,A,N,N_KH_04010102_01,KH,,R,PT,2019-2020,43.0
2008,A,0,C,MoEYS_Education Statistics & Indicators,A,N,N_KH_04010102_01,KH,,R,PT,2019-2020,44.3
2009,A,0,C,MoEYS_Education Statistics & Indicators,A,N,N_KH_04010102_01,KH,,R,PT,2019-2020,44.7
2010,A,0,C,MoEYS_Education Statistics & Indicators,A,N,N_KH_04010102_01,KH,,R,PT,2019-2020,40.8
2011,A,0,C,MoEYS_Education Statistics & Indicators,A,N,N_KH_04010102_01,KH,,R,PT,2019-2020,39.7
2012,A,0,C,MoEYS_Education Statistics & Indicators,A,N,N_KH_04010102_01,KH,,R,PT,2019-2020,37.7
2013,A,0,C,MoEYS_Education Statistics & Indicators,A,N,N_KH_04010102_01,KH,,R,PT,2019-2020,36.6
2014,A,0,C,MoEYS_Education Statistics & Indicators,A,N,N_KH_04010102_01,KH,,R,PT,2019-2020,38.0
2015,A,0,C,MoEYS_Education Statistics & Indicators,A,N,N_KH_04010102_01,KH,,R,PT,2019-2020,37.9
2016,A,0,C,MoEYS_Education Statistics & Indicators,A,N,N_KH_04010102_01,KH,,R,PT,2019-2020,42.0
2017,A,0,C,MoEYS_Education Statistics & Indicators,A,N,N_KH_04010102_01,KH,,R,PT,2019-2020,44.3
2018,A,0,C,MoEYS_Education Statistics & Indicators,A,N,N_KH_04010102_01,KH,,R,PT,2019-2020,45.1
2019,A,0,C,MoEYS_Education Statistics & Indicators,A,N,N_KH_04010102_01,KH,,R,PT,2019-2020,44.1
2004,A,0,C,MoEYS_Education Statistics & Indicators,A,N,N_KH_04010102_01,KH,,REMOTE,PT,2008-2009,15.1
2005,A,0,C,MoEYS_Education Statistics & Indicators,A,N,N_KH_04010102_01,KH,,REMOTE,PT,2008-2009,12.1
2006,A,0,C,MoEYS_Education Statistics & Indicators,A,N,N_KH_04010102_01,KH,,REMOTE,PT,2008-2009,14.0
2007,A,0,C,MoEYS_Education Statistics & Indicators,A,N,N_KH_04010102_01,KH,,REMOTE,PT,2008-2009,18.3
2008,A,0,C,MoEYS_Education Statistics & Indicators,A,N,N_KH_04010102_01,KH,,REMOTE,PT,2008-2009,22.0
2009,A,0,C,MoEYS_Education Statistics & Indicators,A,N,N_KH_04010102_01,KH01,F,,PT,2019-2020,47.9
2010,A,0,C,MoEYS_Education Statistics & Indicators,A,N,N_KH_04010102_01,KH01,F,,PT,2019-2020,51.4
2011,A,0,C,MoEYS_Education Statistics & Indicators,A,N,N_KH_04010102_01,KH01,F,,PT,2019-2020,37.3
2012,A,0,C,MoEYS_Education Statistics & Indicators,A,N,N_KH_04010102_01,KH01,F,,PT,2019-2020,34.5
2013,A,0,C,MoEYS_Education Statistics & Indicators,A,N,N_KH_04010102_01,KH01,F,,PT,2019-2020,32.6
2014,A,0,C,MoEYS_Education Statistics & Indicators,A,N,N_KH_04010102_01,KH01,F,,PT,2019-2020,34.5
2015,A,0,C,MoEYS_Education Statistics & Indicators,A,N,N_KH_04010102_01,KH01,F,,PT,2019-2020,33.1
2016,A,0,C,MoEYS_Education Statistics & Indicators,A,N,N_KH_04010102_01,KH01,F,,PT,2019-2020,36.7
2017,A,0,C,MoEYS_Education Statistics & Indicators,A,N,N_KH_04010102_01,KH01,F,,PT,2019-2020,38.2
2018,A,0,C,MoEYS_Education Statistics & Indicators,A,N,N_KH_04010102_01,KH01,F,,PT,2019-2020,41.3
2019,A,0,C,MoEYS_Education Statistics & Indicators,A,N,N_KH_04010102_01,KH01,F,,PT,2019-2020,41.4
2009,A,0,C,MoEYS_Education Statistics & Indicators,A,N,N_KH_04010102_01,KH01,M,,PT,2019-2020,46.0
2010,A,0,C,MoEYS_Education Statistics & Indicators,A,N,N_KH_04010102_01,KH01,M,,PT,2019-2020,50.4
2011,A,0,C,MoEYS_Education Statistics & Indicators,A,N,N_KH_04010102_01,KH01,M,,PT,2019-2020,34.2
2012,A,0,C,MoEYS_Education Statistics & Indicators,A,N,N_KH_04010102_01,KH01,M,,PT,2019-2020,29.8
2013,A,0,C,MoEYS_Education Statistics & Indicators,A,N,N_KH_04010102_01,KH01,M,,PT,2019-2020,28.5
2014,A,0,C,MoEYS_Education Statistics & Indicators,A,N,N_KH_04010102_01,KH01,M,,PT,2019-2020,28.9
2015,A,0,C,MoEYS_Education Statistics & Indicators,A,N,N_KH_04010102_01,KH01,M,,PT,2019-2020,28.8
2016,A,0,C,MoEYS_Education Statistics & Indicators,A,N,N_KH_04010102_01,KH01,M,,PT,2019-2020,31.8
2017,A,0,C,MoEYS_Education Statistics & Indicators,A,N,N_KH_04010102_01,KH01,M,,PT,2019-2020,31.3
2018,A,0,C,MoEYS_Education Statistics & Indicators,A,N,N_KH_04010102_01,KH01,M,,PT,2019-2020,31.9
2019,A,0,C,MoEYS_Education Statistics & Indicators,A,N,N_KH_04010102_01,KH01,M,,PT,2019-2020,31.6
2009,A,0,C,MoEYS_Education Statistics & Indicators,A,N,N_KH_04010102_01,KH01,,,PT,2019-2020,46.9
2010,A,0,C,MoEYS_Education Statistics & Indicators,A,N,N_KH_04010102_01,KH01,,,PT,2019-2020,50.9
2011,A,0,C,MoEYS_Education Statistics & Indicators,A,N,N_KH_04010102_01,KH01,,,PT,2019-2020,35.7
2012,A,0,C,MoEYS_Education Statistics & Indicators,A,N,N_KH_04010102_01,KH01,,,PT,2019-2020,32.1
2013,A,0,C,MoEYS_Education Statistics & Indicators,A,N,N_KH_04010102_01,KH01,,,PT,2019-2020,30.5
2014,A,0,C,MoEYS_Education Statistics & Indicators,A,N,N_KH_04010102_01,KH01,,,PT,2019-2020,31.6
2015,A,0,C,MoEYS_Education Statistics & Indicators,A,N,N_KH_04010102_01,KH01,,,PT,2019-2020,30.9
2016,A,0,C,MoEYS_Education Statistics & Indicators,A,N,N_KH_04010102_01,KH01,,,PT,2019-2020,34.2
2017,A,0,C,MoEYS_Education Statistics & Indicators,A,N,N_KH_04010102_01,KH01,,,PT,2019-2020,34.6
2018,A,0,C,MoEYS_Education Statistics & Indicators,A,N,N_KH_04010102_01,KH01,,,PT,2019-2020,36.4
2019,A,0,C,MoEYS_Education Statistics & Indicators,A,N,N_KH_04010102_01,KH01,,,PT,2019-2020,36.3
2009,A,0,C,MoEYS_Education Statistics & Indicators,A,N,N_KH_04010102_01,KH02,F,,PT,2019-2020,46.5
2010,A,0,C,MoEYS_Education Statistics & Indicators,A,N,N_KH_04010102_01,KH02,F,,PT,2019-2020,41.6
2011,A,0,C,MoEYS_Education Statistics & Indicators,A,N,N_KH_04010102_01,KH02,F,,PT,2019-2020,38.6
2012,A,0,C,MoEYS_Education Statistics & Indicators,A,N,N_KH_04010102_01,KH02,F,,PT,2019-2020,35.6
2013,A,0,C,MoEYS_Education Statistics & Indicators,A,N,N_KH_04010102_01,KH02,F,,PT,2019-2020,34.9
2014,A,0,C,MoEYS_Education Statistics & Indicators,A,N,N_KH_04010102_01,KH02,F,,PT,2019-2020,35.4
2015,A,0,C,MoEYS_Education Statistics & Indicators,A,N,N_KH_04010102_01,KH02,F,,PT,2019-2020,34.6
2016,A,0,C,MoEYS_Education Statistics & Indicators,A,N,N_KH_04010102_01,KH02,F,,PT,2019-2020,36.3
2017,A,0,C,MoEYS_Education Statistics & Indicators,A,N,N_KH_04010102_01,KH02,F,,PT,2019-2020,38.6
2018,A,0,C,MoEYS_Education Statistics & Indicators,A,N,N_KH_04010102_01,KH02,F,,PT,2019-2020,40.6
2019,A,0,C,MoEYS_Education Statistics & Indicators,A,N,N_KH_04010102_01,KH02,F,,PT,2019-2020,41.4
2009,A,0,C,MoEYS_Education Statistics & Indicators,A,N,N_KH_04010102_01,KH02,M,,PT,2019-2020,44.0
2010,A,0,C,MoEYS_Education Statistics & Indicators,A,N,N_KH_04010102_01,KH02,M,,PT,2019-2020,43.0
2011,A,0,C,MoEYS_Education Statistics & Indicators,A,N,N_KH_04010102_01,KH02,M,,PT,2019-2020,33.7
2012,A,0,C,MoEYS_Education Statistics & Indicators,A,N,N_KH_04010102_01,KH02,M,,PT,2019-2020,30.3
2013,A,0,C,MoEYS_Education Statistics & Indicators,A,N,N_KH_04010102_01,KH02,M,,PT,2019-2020,28.3
2014,A,0,C,MoEYS_Education Statistics & Indicators,A,N,N_KH_04010102_01,KH02,M,,PT,2019-2020,28.3
2015,A,0,C,MoEYS_Education Statistics & Indicators,A,N,N_KH_04010102_01,KH02,M,,PT,2019-2020,27.4
2016,A,0,C,MoEYS_Education Statistics & Indicators,A,N,N_KH_04010102_01,KH02,M,,PT,2019-2020,28.5
2017,A,0,C,MoEYS_Education Statistics & Indicators,A,N,N_KH_04010102_01,KH02,M,,PT,2019-2020,30.3
2018,A,0,C,MoEYS_Education Statistics & Indicators,A,N,N_KH_04010102_01,KH02,M,,PT,2019-2020,32.2
2019,A,0,C,MoEYS_Education Statistics & Indicators,A,N,N_KH_04010102_01,KH02,M,,PT,2019-2020,30.8
2009,A,0,C,MoEYS_Education Statistics & Indicators,A,N,N_KH_04010102_01,KH02,,,PT,2019-2020,45.2
2010,A,0,C,MoEYS_Education Statistics & Indicators,A,N,N_KH_04010102_01,KH02,,,PT,2019-2020,42.2
2011,A,0,C,MoEYS_Education Statistics & Indicators,A,N,N_KH_04010102_01,KH02,,,PT,2019-2020,36.1
2012,A,0,C,MoEYS_Education Statistics & Indicators,A,N,N_KH_04010102_01,KH02,,,PT,2019-2020,32.9
2013,A,0,C,MoEYS_Education Statistics & Indicators,A,N,N_KH_04010102_01,KH02,,,PT,2019-2020,31.5
2014,A,0,C,MoEYS_Education Statistics & Indicators,A,N,N_KH_04010102_01,KH02,,,PT,2019-2020,31.8
2015,A,0,C,MoEYS_Education Statistics & Indicators,A,N,N_KH_04010102_01,KH02,,,PT,2019-2020,30.9
2016,A,0,C,MoEYS_Education Statistics & Indicators,A,N,N_KH_04010102_01,KH02,,,PT,2019-2020,32.3
2017,A,0,C,MoEYS_Education Statistics & Indicators,A,N,N_KH_04010102_01,KH02,,,PT,2019-2020,34.3
2018,A,0,C,MoEYS_Education Statistics & Indicators,A,N,N_KH_04010102_01,KH02,,,PT,2019-2020,36.3
2019,A,0,C,MoEYS_Education Statistics & Indicators,A,N,N_KH_04010102_01,KH02,,,PT,2019-2020,35.9
2009,A,0,C,MoEYS_Education Statistics & Indicators,A,N,N_KH_04010102_01,KH03,F,,PT,2019-2020,40.8
2010,A,0,C,MoEYS_Education Statistics & Indicators,A,N,N_KH_04010102_01,KH03,F,,PT,2019-2020,34.6
2011,A,0,C,MoEYS_Education Statistics & Indicators,A,N,N_KH_04010102_01,KH03,F,,PT,2019-2020,38.4
2012,A,0,C,MoEYS_Education Statistics & Indicators,A,N,N_KH_04010102_01,KH03,F,,PT,2019-2020,37.9
2013,A,0,C,MoEYS_Education Statistics & Indicators,A,N,N_KH_04010102_01,KH03,F,,PT,2019-2020,39.8
2014,A,0,C,MoEYS_Education Statistics & Indicators,A,N,N_KH_04010102_01,KH03,F,,PT,2019-2020,47.0
2015,A,0,C,MoEYS_Education Statistics & Indicators,A,N,N_KH_04010102_01,KH03,F,,PT,2019-2020,45.5
2016,A,0,C,MoEYS_Education Statistics & Indicators,A,N,N_KH_04010102_01,KH03,F,,PT,2019-2020,51.4
2017,A,0,C,MoEYS_Education Statistics & Indicators,A,N,N_KH_04010102_01,KH03,F,,PT,2019-2020,54.3
2018,A,0,C,MoEYS_Education Statistics & Indicators,A,N,N_KH_04010102_01,KH03,F,,PT,2019-2020,57.1
2019,A,0,C,MoEYS_Education Statistics & Indicators,A,N,N_KH_04010102_01,KH03,F,,PT,2019-2020,56.1
2009,A,0,C,MoEYS_Education Statistics & Indicators,A,N,N_KH_04010102_01,KH03,M,,PT,2019-2020,40.2
2010,A,0,C,MoEYS_Education Statistics & Indicators,A,N,N_KH_04010102_01,KH03,M,,PT,2019-2020,38.7
2011,A,0,C,MoEYS_Education Statistics & Indicators,A,N,N_KH_04010102_01,KH03,M,,PT,2019-2020,36.4
2012,A,0,C,MoEYS_Education Statistics & Indicators,A,N,N_KH_04010102_01,KH03,M,,PT,2019-2020,35.1
2013,A,0,C,MoEYS_Education Statistics & Indicators,A,N,N_KH_04010102_01,KH03,M,,PT,2019-2020,36.2
2014,A,0,C,MoEYS_Education Statistics & Indicators,A,N,N_KH_04010102_01,KH03,M,,PT,2019-2020,40.8
2015,A,0,C,MoEYS_Education Statistics & Indicators,A,N,N_KH_04010102_01,KH03,M,,PT,2019-2020,38.5
2016,A,0,C,MoEYS_Education Statistics & Indicators,A,N,N_KH_04010102_01,KH03,M,,PT,2019-2020,40.5
2017,A,0,C,MoEYS_Education Statistics & Indicators,A,N,N_KH_04010102_01,KH03,M,,PT,2019-2020,41.1
2018,A,0,C,MoEYS_Education Statistics & Indicators,A,N,N_KH_04010102_01,KH03,M,,PT,2019-2020,42.5
2019,A,0,C,MoEYS_Education Statistics & Indicators,A,N,N_KH_04010102_01,KH03,M,,PT,2019-2020,40.4
2009,A,0,C,MoEYS_Education Statistics & Indicators,A,N,N_KH_04010102_01,KH03,,,PT,2019-2020,40.5
2010,A,0,C,MoEYS_Education Statistics & Indicators,A,N,N_KH_04010102_01,KH03,,,PT,2019-2020,36.6
2011,A,0,C,MoEYS_Education Statistics & Indicators,A,N,N_KH_04010102_01,KH03,,,PT,2019-2020,37.4
2012,A,0,C,MoEYS_Education Statistics & Indicators,A,N,N_KH_04010102_01,KH03,,,PT,2019-2020,36.5
2013,A,0,C,MoEYS_Education Statistics & Indicators,A,N,N_KH_04010102_01,KH03,,,PT,2019-2020,37.9
2014,A,0,C,MoEYS_Education Statistics & Indicators,A,N,N_KH_04010102_01,KH03,,,PT,2019-2020,43.8
2015,A,0,C,MoEYS_Education Statistics & Indicators,A,N,N_KH_04010102_01,KH03,,,PT,2019-2020,41.9
2016,A,0,C,MoEYS_Education Statistics & Indicators,A,N,N_KH_04010102_01,KH03,,,PT,2019-2020,45.8
2017,A,0,C,MoEYS_Education Statistics & Indicators,A,N,N_KH_04010102_01,KH03,,,PT,2019-2020,47.5
2018,A,0,C,MoEYS_Education Statistics & Indicators,A,N,N_KH_04010102_01,KH03,,,PT,2019-2020,49.5
2019,A,0,C,MoEYS_Education Statistics & Indicators,A,N,N_KH_04010102_01,KH03,,,PT,2019-2020,47.9
2009,A,0,C,MoEYS_Education Statistics & Indicators,A,N,N_KH_04010102_01,KH04,F,,PT,2019-2020,51.3
2010,A,0,C,MoEYS_Education Statistics & Indicators,A,N,N_KH_04010102_01,KH04,F,,PT,2019-2020,52.8
2011,A,0,C,MoEYS_Education Statistics & Indicators,A,N,N_KH_04010102_01,KH04,F,,PT,2019-2020,41.3
2012,A,0,C,MoEYS_Education Statistics & Indicators,A,N,N_KH_04010102_01,KH04,F,,PT,2019-2020,40.7
2013,A,0,C,MoEYS_Education Statistics & Indicators,A,N,N_KH_04010102_01,KH04,F,,PT,2019-2020,41.6
2014,A,0,C,MoEYS_Education Statistics & Indicators,A,N,N_KH_04010102_01,KH04,F,,PT,2019-2020,45.8
2015,A,0,C,MoEYS_Education Statistics & Indicators,A,N,N_KH_04010102_01,KH04,F,,PT,2019-2020,47.7
2016,A,0,C,MoEYS_Education Statistics & Indicators,A,N,N_KH_04010102_01,KH04,F,,PT,2019-2020,53.7
2017,A,0,C,MoEYS_Education Statistics & Indicators,A,N,N_KH_04010102_01,KH04,F,,PT,2019-2020,57.5
2018,A,0,C,MoEYS_Education Statistics & Indicators,A,N,N_KH_04010102_01,KH04,F,,PT,2019-2020,57.1
2019,A,0,C,MoEYS_Education Statistics & Indicators,A,N,N_KH_04010102_01,KH04,F,,PT,2019-2020,54.5
2009,A,0,C,MoEYS_Education Statistics & Indicators,A,N,N_KH_04010102_01,KH04,M,,PT,2019-2020,51.6
2010,A,0,C,MoEYS_Education Statistics & Indicators,A,N,N_KH_04010102_01,KH04,M,,PT,2019-2020,49.2
2011,A,0,C,MoEYS_Education Statistics & Indicators,A,N,N_KH_04010102_01,KH04,M,,PT,2019-2020,40.1
2012,A,0,C,MoEYS_Education Statistics & Indicators,A,N,N_KH_04010102_01,KH04,M,,PT,2019-2020,36.6
2013,A,0,C,MoEYS_Education Statistics & Indicators,A,N,N_KH_04010102_01,KH04,M,,PT,2019-2020,36.0
2014,A,0,C,MoEYS_Education Statistics & Indicators,A,N,N_KH_04010102_01,KH04,M,,PT,2019-2020,37.7
2015,A,0,C,MoEYS_Education Statistics & Indicators,A,N,N_KH_04010102_01,KH04,M,,PT,2019-2020,40.1
2016,A,0,C,MoEYS_Education Statistics & Indicators,A,N,N_KH_04010102_01,KH04,M,,PT,2019-2020,41.1
2017,A,0,C,MoEYS_Education Statistics & Indicators,A,N,N_KH_04010102_01,KH04,M,,PT,2019-2020,44.4
2018,A,0,C,MoEYS_Education Statistics & Indicators,A,N,N_KH_04010102_01,KH04,M,,PT,2019-2020,41.2
2019,A,0,C,MoEYS_Education Statistics & Indicators,A,N,N_KH_04010102_01,KH04,M,,PT,2019-2020,41.0
2009,A,0,C,MoEYS_Education Statistics & Indicators,A,N,N_KH_04010102_01,KH04,,,PT,2019-2020,51.5
2010,A,0,C,MoEYS_Education Statistics & Indicators,A,N,N_KH_04010102_01,KH04,,,PT,2019-2020,51.0
2011,A,0,C,MoEYS_Education Statistics & Indicators,A,N,N_KH_04010102_01,KH04,,,PT,2019-2020,40.7
2012,A,0,C,MoEYS_Education Statistics & Indicators,A,N,N_KH_04010102_01,KH04,,,PT,2019-2020,38.6
2013,A,0,C,MoEYS_Education Statistics & Indicators,A,N,N_KH_04010102_01,KH04,,,PT,2019-2020,38.8
2014,A,0,C,MoEYS_Education Statistics & Indicators,A,N,N_KH_04010102_01,KH04,,,PT,2019-2020,41.6
2015,A,0,C,MoEYS_Education Statistics & Indicators,A,N,N_KH_04010102_01,KH04,,,PT,2019-2020,43.8
2016,A,0,C,MoEYS_Education Statistics & Indicators,A,N,N_KH_04010102_01,KH04,,,PT,2019-2020,47.2
2017,A,0,C,MoEYS_Education Statistics & Indicators,A,N,N_KH_04010102_01,KH04,,,PT,2019-2020,50.7
2018,A,0,C,MoEYS_Education Statistics & Indicators,A,N,N_KH_04010102_01,KH04,,,PT,2019-2020,48.9
2019,A,0,C,MoEYS_Education Statistics & Indicators,A,N,N_KH_04010102_01,KH04,,,PT,2019-2020,47.5
2009,A,0,C,MoEYS_Education Statistics & Indicators,A,N,N_KH_04010102_01,KH05,F,,PT,2019-2020,38.0
2010,A,0,C,MoEYS_Education Statistics & Indicators,A,N,N_KH_04010102_01,KH05,F,,PT,2019-2020,34.7
2011,A,0,C,MoEYS_Education Statistics & Indicators,A,N,N_KH_04010102_01,KH05,F,,PT,2019-2020,30.5
2012,A,0,C,MoEYS_Education Statistics & Indicators,A,N,N_KH_04010102_01,KH05,F,,PT,2019-2020,30.0
2013,A,0,C,MoEYS_Education Statistics & Indicators,A,N,N_KH_04010102_01,KH05,F,,PT,2019-2020,32.7
2014,A,0,C,MoEYS_Education Statistics & Indicators,A,N,N_KH_04010102_01,KH05,F,,PT,2019-2020,35.7
2015,A,0,C,MoEYS_Education Statistics & Indicators,A,N,N_KH_04010102_01,KH05,F,,PT,2019-2020,37.5
2016,A,0,C,MoEYS_Education Statistics & Indicators,A,N,N_KH_04010102_01,KH05,F,,PT,2019-2020,44.6
2017,A,0,C,MoEYS_Education Statistics & Indicators,A,N,N_KH_04010102_01,KH05,F,,PT,2019-2020,49.7
2018,A,0,C,MoEYS_Education Statistics & Indicators,A,N,N_KH_04010102_01,KH05,F,,PT,2019-2020,47.2
2019,A,0,C,MoEYS_Education Statistics & Indicators,A,N,N_KH_04010102_01,KH05,F,,PT,2019-2020,46.1
2009,A,0,C,MoEYS_Education Statistics & Indicators,A,N,N_KH_04010102_01,KH05,M,,PT,2019-2020,46.5
2010,A,0,C,MoEYS_Education Statistics & Indicators,A,N,N_KH_04010102_01,KH05,M,,PT,2019-2020,47.1
2011,A,0,C,MoEYS_Education Statistics & Indicators,A,N,N_KH_04010102_01,KH05,M,,PT,2019-2020,40.3
2012,A,0,C,MoEYS_Education Statistics & Indicators,A,N,N_KH_04010102_01,KH05,M,,PT,2019-2020,36.4
2013,A,0,C,MoEYS_Education Statistics & Indicators,A,N,N_KH_04010102_01,KH05,M,,PT,2019-2020,37.0
2014,A,0,C,MoEYS_Education Statistics & Indicators,A,N,N_KH_04010102_01,KH05,M,,PT,2019-2020,39.1
2015,A,0,C,MoEYS_Education Statistics & Indicators,A,N,N_KH_04010102_01,KH05,M,,PT,2019-2020,37.8
2016,A,0,C,MoEYS_Education Statistics & Indicators,A,N,N_KH_04010102_01,KH05,M,,PT,2019-2020,39.4
2017,A,0,C,MoEYS_Education Statistics & Indicators,A,N,N_KH_04010102_01,KH05,M,,PT,2019-2020,42.9
2018,A,0,C,MoEYS_Education Statistics & Indicators,A,N,N_KH_04010102_01,KH05,M,,PT,2019-2020,40.5
2019,A,0,C,MoEYS_Education Statistics & Indicators,A,N,N_KH_04010102_01,KH05,M,,PT,2019-2020,37.5
2009,A,0,C,MoEYS_Education Statistics & Indicators,A,N,N_KH_04010102_01,KH05,,,PT,2019-2020,42.4
2010,A,0,C,MoEYS_Education Statistics & Indicators,A,N,N_KH_04010102_01,KH05,,,PT,2019-2020,40.9
2011,A,0,C,MoEYS_Education Statistics & Indicators,A,N,N_KH_04010102_01,KH05,,,PT,2019-2020,35.6
2012,A,0,C,MoEYS_Education Statistics & Indicators,A,N,N_KH_04010102_01,KH05,,,PT,2019-2020,33.3
2013,A,0,C,MoEYS_Education Statistics & Indicators,A,N,N_KH_04010102_01,KH05,,,PT,2019-2020,34.9
2014,A,0,C,MoEYS_Education Statistics & Indicators,A,N,N_KH_04010102_01,KH05,,,PT,2019-2020,37.5
2015,A,0,C,MoEYS_Education Statistics & Indicators,A,N,N_KH_04010102_01,KH05,,,PT,2019-2020,37.7
2016,A,0,C,MoEYS_Education Statistics & Indicators,A,N,N_KH_04010102_01,KH05,,,PT,2019-2020,41.9
2017,A,0,C,MoEYS_Education Statistics & Indicators,A,N,N_KH_04010102_01,KH05,,,PT,2019-2020,46.2
2018,A,0,C,MoEYS_Education Statistics & Indicators,A,N,N_KH_04010102_01,KH05,,,PT,2019-2020,43.7
2019,A,0,C,MoEYS_Education Statistics & Indicators,A,N,N_KH_04010102_01,KH05,,,PT,2019-2020,41.6
2009,A,0,C,MoEYS_Education Statistics & Indicators,A,N,N_KH_04010102_01,KH06,F,,PT,2019-2020,43.0
2010,A,0,C,MoEYS_Education Statistics & Indicators,A,N,N_KH_04010102_01,KH06,F,,PT,2019-2020,39.2
2011,A,0,C,MoEYS_Education Statistics & Indicators,A,N,N_KH_04010102_01,KH06,F,,PT,2019-2020,39.1
2012,A,0,C,MoEYS_Education Statistics & Indicators,A,N,N_KH_04010102_01,KH06,F,,PT,2019-2020,36.2
2013,A,0,C,MoEYS_Education Statistics & Indicators,A,N,N_KH_04010102_01,KH06,F,,PT,2019-2020,39.0
2014,A,0,C,MoEYS_Education Statistics & Indicators,A,N,N_KH_04010102_01,KH06,F,,PT,2019-2020,38.9
2015,A,0,C,MoEYS_Education Statistics & Indicators,A,N,N_KH_04010102_01,KH06,F,,PT,2019-2020,38.1
2016,A,0,C,MoEYS_Education Statistics & Indicators,A,N,N_KH_04010102_01,KH06,F,,PT,2019-2020,45.3
2017,A,0,C,MoEYS_Education Statistics & Indicators,A,N,N_KH_04010102_01,KH06,F,,PT,2019-2020,48.5
2018,A,0,C,MoEYS_Education Statistics & Indicators,A,N,N_KH_04010102_01,KH06,F,,PT,2019-2020,52.6
2019,A,0,C,MoEYS_Education Statistics & Indicators,A,N,N_KH_04010102_01,KH06,F,,PT,2019-2020,50.7
2009,A,0,C,MoEYS_Education Statistics & Indicators,A,N,N_KH_04010102_01,KH06,M,,PT,2019-2020,40.6
2010,A,0,C,MoEYS_Education Statistics & Indicators,A,N,N_KH_04010102_01,KH06,M,,PT,2019-2020,45.3
2011,A,0,C,MoEYS_Education Statistics & Indicators,A,N,N_KH_04010102_01,KH06,M,,PT,2019-2020,35.8
2012,A,0,C,MoEYS_Education Statistics & Indicators,A,N,N_KH_04010102_01,KH06,M,,PT,2019-2020,33.6
2013,A,0,C,MoEYS_Education Statistics & Indicators,A,N,N_KH_04010102_01,KH06,M,,PT,2019-2020,31.8
2014,A,0,C,MoEYS_Education Statistics & Indicators,A,N,N_KH_04010102_01,KH06,M,,PT,2019-2020,31.7
2015,A,0,C,MoEYS_Education Statistics & Indicators,A,N,N_KH_04010102_01,KH06,M,,PT,2019-2020,30.5
2016,A,0,C,MoEYS_Education Statistics & Indicators,A,N,N_KH_04010102_01,KH06,M,,PT,2019-2020,34.7
2017,A,0,C,MoEYS_Education Statistics & Indicators,A,N,N_KH_04010102_01,KH06,M,,PT,2019-2020,36.6
2018,A,0,C,MoEYS_Education Statistics & Indicators,A,N,N_KH_04010102_01,KH06,M,,PT,2019-2020,38.8
2019,A,0,C,MoEYS_Education Statistics & Indicators,A,N,N_KH_04010102_01,KH06,M,,PT,2019-2020,38.4
2009,A,0,C,MoEYS_Education Statistics & Indicators,A,N,N_KH_04010102_01,KH06,,,PT,2019-2020,41.8
2010,A,0,C,MoEYS_Education Statistics & Indicators,A,N,N_KH_04010102_01,KH06,,,PT,2019-2020,42.1
2011,A,0,C,MoEYS_Education Statistics & Indicators,A,N,N_KH_04010102_01,KH06,,,PT,2019-2020,37.4
2012,A,0,C,MoEYS_Education Statistics & Indicators,A,N,N_KH_04010102_01,KH06,,,PT,2019-2020,34.9
2013,A,0,C,MoEYS_Education Statistics & Indicators,A,N,N_KH_04010102_01,KH06,,,PT,2019-2020,35.2
2014,A,0,C,MoEYS_Education Statistics & Indicators,A,N,N_KH_04010102_01,KH06,,,PT,2019-2020,35.2
2015,A,0,C,MoEYS_Education Statistics & Indicators,A,N,N_KH_04010102_01,KH06,,,PT,2019-2020,34.2
2016,A,0,C,MoEYS_Education Statistics & Indicators,A,N,N_KH_04010102_01,KH06,,,PT,2019-2020,39.8
2017,A,0,C,MoEYS_Education Statistics & Indicators,A,N,N_KH_04010102_01,KH06,,,PT,2019-2020,42.3
2018,A,0,C,MoEYS_Education Statistics & Indicators,A,N,N_KH_04010102_01,KH06,,,PT,2019-2020,45.4
2019,A,0,C,MoEYS_Education Statistics & Indicators,A,N,N_KH_04010102_01,KH06,,,PT,2019-2020,44.3
2009,A,0,C,MoEYS_Education Statistics & Indicators,A,N,N_KH_04010102_01,KH07,F,,PT,2019-2020,54.5
2010,A,0,C,MoEYS_Education Statistics & Indicators,A,N,N_KH_04010102_01,KH07,F,,PT,2019-2020,51.8
2011,A,0,C,MoEYS_Education Statistics & Indicators,A,N,N_KH_04010102_01,KH07,F,,PT,2019-2020,48.6
2012,A,0,C,MoEYS_Education Statistics & Indicators,A,N,N_KH_04010102_01,KH07,F,,PT,2019-2020,43.8
2013,A,0,C,MoEYS_Education Statistics & Indicators,A,N,N_KH_04010102_01,KH07,F,,PT,2019-2020,44.4
2014,A,0,C,MoEYS_Education Statistics & Indicators,A,N,N_KH_04010102_01,KH07,F,,PT,2019-2020,47.7
2015,A,0,C,MoEYS_Education Statistics & Indicators,A,N,N_KH_04010102_01,KH07,F,,PT,2019-2020,46.9
2016,A,0,C,MoEYS_Education Statistics & Indicators,A,N,N_KH_04010102_01,KH07,F,,PT,2019-2020,52.5
2017,A,0,C,MoEYS_Education Statistics & Indicators,A,N,N_KH_04010102_01,KH07,F,,PT,2019-2020,55.3
2018,A,0,C,MoEYS_Education Statistics & Indicators,A,N,N_KH_04010102_01,KH07,F,,PT,2019-2020,53.5
2019,A,0,C,MoEYS_Education Statistics & Indicators,A,N,N_KH_04010102_01,KH07,F,,PT,2019-2020,51.2
2009,A,0,C,MoEYS_Education Statistics & Indicators,A,N,N_KH_04010102_01,KH07,M,,PT,2019-2020,56.3
2010,A,0,C,MoEYS_Education Statistics & Indicators,A,N,N_KH_04010102_01,KH07,M,,PT,2019-2020,16.9
2011,A,0,C,MoEYS_Education Statistics & Indicators,A,N,N_KH_04010102_01,KH07,M,,PT,2019-2020,48.0
2012,A,0,C,MoEYS_Education Statistics & Indicators,A,N,N_KH_04010102_01,KH07,M,,PT,2019-2020,45.8
2013,A,0,C,MoEYS_Education Statistics & Indicators,A,N,N_KH_04010102_01,KH07,M,,PT,2019-2020,42.9
2014,A,0,C,MoEYS_Education Statistics & Indicators,A,N,N_KH_04010102_01,KH07,M,,PT,2019-2020,45.7
2015,A,0,C,MoEYS_Education Statistics & Indicators,A,N,N_KH_04010102_01,KH07,M,,PT,2019-2020,44.9
2016,A,0,C,MoEYS_Education Statistics & Indicators,A,N,N_KH_04010102_01,KH07,M,,PT,2019-2020,48.4
2017,A,0,C,MoEYS_Education Statistics & Indicators,A,N,N_KH_04010102_01,KH07,M,,PT,2019-2020,48.1
2018,A,0,C,MoEYS_Education Statistics & Indicators,A,N,N_KH_04010102_01,KH07,M,,PT,2019-2020,44.7
2019,A,0,C,MoEYS_Education Statistics & Indicators,A,N,N_KH_04010102_01,KH07,M,,PT,2019-2020,40.8
2009,A,0,C,MoEYS_Education Statistics & Indicators,A,N,N_KH_04010102_01,KH07,,,PT,2019-2020,55.4
2010,A,0,C,MoEYS_Education Statistics & Indicators,A,N,N_KH_04010102_01,KH07,,,PT,2019-2020,24.6
2011,A,0,C,MoEYS_Education Statistics & Indicators,A,N,N_KH_04010102_01,KH07,,,PT,2019-2020,48.3
2012,A,0,C,MoEYS_Education Statistics & Indicators,A,N,N_KH_04010102_01,KH07,,,PT,2019-2020,44.8
2013,A,0,C,MoEYS_Education Statistics & Indicators,A,N,N_KH_04010102_01,KH07,,,PT,2019-2020,43.6
2014,A,0,C,MoEYS_Education Statistics & Indicators,A,N,N_KH_04010102_01,KH07,,,PT,2019-2020,46.7
2015,A,0,C,MoEYS_Education Statistics & Indicators,A,N,N_KH_04010102_01,KH07,,,PT,2019-2020,45.8
2016,A,0,C,MoEYS_Education Statistics & Indicators,A,N,N_KH_04010102_01,KH07,,,PT,2019-2020,50.4
2017,A,0,C,MoEYS_Education Statistics & Indicators,A,N,N_KH_04010102_01,KH07,,,PT,2019-2020,51.6
2018,A,0,C,MoEYS_Education Statistics & Indicators,A,N,N_KH_04010102_01,KH07,,,PT,2019-2020,48.9
2019,A,0,C,MoEYS_Education Statistics & Indicators,A,N,N_KH_04010102_01,KH07,,,PT,2019-2020,45.8
2009,A,0,C,MoEYS_Education Statistics & Indicators,A,N,N_KH_04010102_01,KH08,F,,PT,2019-2020,55.6
2010,A,0,C,MoEYS_Education Statistics & Indicators,A,N,N_KH_04010102_01,KH08,F,,PT,2019-2020,58.1
2011,A,0,C,MoEYS_Education Statistics & Indicators,A,N,N_KH_04010102_01,KH08,F,,PT,2019-2020,50.0
2012,A,0,C,MoEYS_Education Statistics & Indicators,A,N,N_KH_04010102_01,KH08,F,,PT,2019-2020,46.8
2013,A,0,C,MoEYS_Education Statistics & Indicators,A,N,N_KH_04010102_01,KH08,F,,PT,2019-2020,45.6
2014,A,0,C,MoEYS_Education Statistics & Indicators,A,N,N_KH_04010102_01,KH08,F,,PT,2019-2020,46.1
2015,A,0,C,MoEYS_Education Statistics & Indicators,A,N,N_KH_04010102_01,KH08,F,,PT,2019-2020,45.9
2016,A,0,C,MoEYS_Education Statistics & Indicators,A,N,N_KH_04010102_01,KH08,F,,PT,2019-2020,51.0
2017,A,0,C,MoEYS_Education Statistics & Indicators,A,N,N_KH_04010102_01,KH08,F,,PT,2019-2020,53.1
2018,A,0,C,MoEYS_Education Statistics & Indicators,A,N,N_KH_04010102_01,KH08,F,,PT,2019-2020,53.6
2019,A,0,C,MoEYS_Education Statistics & Indicators,A,N,N_KH_04010102_01,KH08,F,,PT,2019-2020,52.8
2009,A,0,C,MoEYS_Education Statistics & Indicators,A,N,N_KH_04010102_01,KH08,M,,PT,2019-2020,59.1
2010,A,0,C,MoEYS_Education Statistics & Indicators,A,N,N_KH_04010102_01,KH08,M,,PT,2019-2020,61.2
2011,A,0,C,MoEYS_Education Statistics & Indicators,A,N,N_KH_04010102_01,KH08,M,,PT,2019-2020,51.4
2012,A,0,C,MoEYS_Education Statistics & Indicators,A,N,N_KH_04010102_01,KH08,M,,PT,2019-2020,56.2
2013,A,0,C,MoEYS_Education Statistics & Indicators,A,N,N_KH_04010102_01,KH08,M,,PT,2019-2020,45.2
2014,A,0,C,MoEYS_Education Statistics & Indicators,A,N,N_KH_04010102_01,KH08,M,,PT,2019-2020,43.5
2015,A,0,C,MoEYS_Education Statistics & Indicators,A,N,N_KH_04010102_01,KH08,M,,PT,2019-2020,40.1
2016,A,0,C,MoEYS_Education Statistics & Indicators,A,N,N_KH_04010102_01,KH08,M,,PT,2019-2020,43.0
2017,A,0,C,MoEYS_Education Statistics & Indicators,A,N,N_KH_04010102_01,KH08,M,,PT,2019-2020,41.9
2018,A,0,C,MoEYS_Education Statistics & Indicators,A,N,N_KH_04010102_01,KH08,M,,PT,2019-2020,41.1
2019,A,0,C,MoEYS_Education Statistics & Indicators,A,N,N_KH_04010102_01,KH08,M,,PT,2019-2020,41.6
2009,A,0,C,MoEYS_Education Statistics & Indicators,A,N,N_KH_04010102_01,KH08,,,PT,2019-2020,57.4
2010,A,0,C,MoEYS_Education Statistics & Indicators,A,N,N_KH_04010102_01,KH08,,,PT,2019-2020,59.7
2011,A,0,C,MoEYS_Education Statistics & Indicators,A,N,N_KH_04010102_01,KH08,,,PT,2019-2020,50.7
2012,A,0,C,MoEYS_Education Statistics & Indicators,A,N,N_KH_04010102_01,KH08,,,PT,2019-2020,51.3
2013,A,0,C,MoEYS_Education Statistics & Indicators,A,N,N_KH_04010102_01,KH08,,,PT,2019-2020,45.4
2014,A,0,C,MoEYS_Education Statistics & Indicators,A,N,N_KH_04010102_01,KH08,,,PT,2019-2020,44.8
2015,A,0,C,MoEYS_Education Statistics & Indicators,A,N,N_KH_04010102_01,KH08,,,PT,2019-2020,42.9
2016,A,0,C,MoEYS_Education Statistics & Indicators,A,N,N_KH_04010102_01,KH08,,,PT,2019-2020,46.8
2017,A,0,C,MoEYS_Education Statistics & Indicators,A,N,N_KH_04010102_01,KH08,,,PT,2019-2020,47.3
2018,A,0,C,MoEYS_Education Statistics & Indicators,A,N,N_KH_04010102_01,KH08,,,PT,2019-2020,47.1
2019,A,0,C,MoEYS_Education Statistics & Indicators,A,N,N_KH_04010102_01,KH08,,,PT,2019-2020,47.0
2009,A,0,C,MoEYS_Education Statistics & Indicators,A,N,N_KH_04010102_01,KH23,F,,PT,2019-2020,54.9
2010,A,0,C,MoEYS_Education Statistics & Indicators,A,N,N_KH_04010102_01,KH23,F,,PT,2019-2020,55.8
2011,A,0,C,MoEYS_Education Statistics & Indicators,A,N,N_KH_04010102_01,KH23,F,,PT,2019-2020,48.4
2012,A,0,C,MoEYS_Education Statistics & Indicators,A,N,N_KH_04010102_01,KH23,F,,PT,2019-2020,46.1
2013,A,0,C,MoEYS_Education Statistics & Indicators,A,N,N_KH_04010102_01,KH23,F,,PT,2019-2020,40.2
2014,A,0,C,MoEYS_Education Statistics & Indicators,A,N,N_KH_04010102_01,KH23,F,,PT,2019-2020,36.6
2015,A,0,C,MoEYS_Education Statistics & Indicators,A,N,N_KH_04010102_01,KH23,F,,PT,2019-2020,41.0
2016,A,0,C,MoEYS_Education Statistics & Indicators,A,N,N_KH_04010102_01,KH23,F,,PT,2019-2020,42.0
2017,A,0,C,MoEYS_Education Statistics & Indicators,A,N,N_KH_04010102_01,KH23,F,,PT,2019-2020,39.1
2018,A,0,C,MoEYS_Education Statistics & Indicators,A,N,N_KH_04010102_01,KH23,F,,PT,2019-2020,34.5
2019,A,0,C,MoEYS_Education Statistics & Indicators,A,N,N_KH_04010102_01,KH23,F,,PT,2019-2020,31.2
2009,A,0,C,MoEYS_Education Statistics & Indicators,A,N,N_KH_04010102_01,KH23,M,,PT,2019-2020,50.8
2010,A,0,C,MoEYS_Education Statistics & Indicators,A,N,N_KH_04010102_01,KH23,M,,PT,2019-2020,47.6
2011,A,0,C,MoEYS_Education Statistics & Indicators,A,N,N_KH_04010102_01,KH23,M,,PT,2019-2020,41.4
2012,A,0,C,MoEYS_Education Statistics & Indicators,A,N,N_KH_04010102_01,KH23,M,,PT,2019-2020,36.7
2013,A,0,C,MoEYS_Education Statistics & Indicators,A,N,N_KH_04010102_01,KH23,M,,PT,2019-2020,37.2
2014,A,0,C,MoEYS_Education Statistics & Indicators,A,N,N_KH_04010102_01,KH23,M,,PT,2019-2020,35.6
2015,A,0,C,MoEYS_Education Statistics & Indicators,A,N,N_KH_04010102_01,KH23,M,,PT,2019-2020,34.7
2016,A,0,C,MoEYS_Education Statistics & Indicators,A,N,N_KH_04010102_01,KH23,M,,PT,2019-2020,34.2
2017,A,0,C,MoEYS_Education Statistics & Indicators,A,N,N_KH_04010102_01,KH23,M,,PT,2019-2020,33.5
2018,A,0,C,MoEYS_Education Statistics & Indicators,A,N,N_KH_04010102_01,KH23,M,,PT,2019-2020,32.9
2019,A,0,C,MoEYS_Education Statistics & Indicators,A,N,N_KH_04010102_01,KH23,M,,PT,2019-2020,25.1
2009,A,0,C,MoEYS_Education Statistics & Indicators,A,N,N_KH_04010102_01,KH23,,,PT,2019-2020,52.8
2010,A,0,C,MoEYS_Education Statistics & Indicators,A,N,N_KH_04010102_01,KH23,,,PT,2019-2020,51.4
2011,A,0,C,MoEYS_Education Statistics & Indicators,A,N,N_KH_04010102_01,KH23,,,PT,2019-2020,44.8
2012,A,0,C,MoEYS_Education Statistics & Indicators,A,N,N_KH_04010102_01,KH23,,,PT,2019-2020,41.2
2013,A,0,C,MoEYS_Education Statistics & Indicators,A,N,N_KH_04010102_01,KH23,,,PT,2019-2020,38.6
2014,A,0,C,MoEYS_Education Statistics & Indicators,A,N,N_KH_04010102_01,KH23,,,PT,2019-2020,36.1
2015,A,0,C,MoEYS_Education Statistics & Indicators,A,N,N_KH_04010102_01,KH23,,,PT,2019-2020,37.7
2016,A,0,C,MoEYS_Education Statistics & Indicators,A,N,N_KH_04010102_01,KH23,,,PT,2019-2020,37.9
2017,A,0,C,MoEYS_Education Statistics & Indicators,A,N,N_KH_04010102_01,KH23,,,PT,2019-2020,36.2
2018,A,0,C,MoEYS_Education Statistics & Indicators,A,N,N_KH_04010102_01,KH23,,,PT,2019-2020,33.6
2019,A,0,C,MoEYS_Education Statistics & Indicators,A,N,N_KH_04010102_01,KH23,,,PT,2019-2020,28.0
2009,A,0,C,MoEYS_Education Statistics & Indicators,A,N,N_KH_04010102_01,KH09,F,,PT,2019-2020,40.4
2010,A,0,C,MoEYS_Education Statistics & Indicators,A,N,N_KH_04010102_01,KH09,F,,PT,2019-2020,44.2
2011,A,0,C,MoEYS_Education Statistics & Indicators,A,N,N_KH_04010102_01,KH09,F,,PT,2019-2020,36.7
2012,A,0,C,MoEYS_Education Statistics & Indicators,A,N,N_KH_04010102_01,KH09,F,,PT,2019-2020,35.7
2013,A,0,C,MoEYS_Education Statistics & Indicators,A,N,N_KH_04010102_01,KH09,F,,PT,2019-2020,34.9
2014,A,0,C,MoEYS_Education Statistics & Indicators,A,N,N_KH_04010102_01,KH09,F,,PT,2019-2020,32.7
2015,A,0,C,MoEYS_Education Statistics & Indicators,A,N,N_KH_04010102_01,KH09,F,,PT,2019-2020,30.6
2016,A,0,C,MoEYS_Education Statistics & Indicators,A,N,N_KH_04010102_01,KH09,F,,PT,2019-2020,30.9
2017,A,0,C,MoEYS_Education Statistics & Indicators,A,N,N_KH_04010102_01,KH09,F,,PT,2019-2020,35.0
2018,A,0,C,MoEYS_Education Statistics & Indicators,A,N,N_KH_04010102_01,KH09,F,,PT,2019-2020,37.3
2019,A,0,C,MoEYS_Education Statistics & Indicators,A,N,N_KH_04010102_01,KH09,F,,PT,2019-2020,36.5
2009,A,0,C,MoEYS_Education Statistics & Indicators,A,N,N_KH_04010102_01,KH09,M,,PT,2019-2020,44.0
2010,A,0,C,MoEYS_Education Statistics & Indicators,A,N,N_KH_04010102_01,KH09,M,,PT,2019-2020,52.8
2011,A,0,C,MoEYS_Education Statistics & Indicators,A,N,N_KH_04010102_01,KH09,M,,PT,2019-2020,41.3
2012,A,0,C,MoEYS_Education Statistics & Indicators,A,N,N_KH_04010102_01,KH09,M,,PT,2019-2020,38.9
2013,A,0,C,MoEYS_Education Statistics & Indicators,A,N,N_KH_04010102_01,KH09,M,,PT,2019-2020,35.4
2014,A,0,C,MoEYS_Education Statistics & Indicators,A,N,N_KH_04010102_01,KH09,M,,PT,2019-2020,36.5
2015,A,0,C,MoEYS_Education Statistics & Indicators,A,N,N_KH_04010102_01,KH09,M,,PT,2019-2020,34.6
2016,A,0,C,MoEYS_Education Statistics & Indicators,A,N,N_KH_04010102_01,KH09,M,,PT,2019-2020,35.7
2017,A,0,C,MoEYS_Education Statistics & Indicators,A,N,N_KH_04010102_01,KH09,M,,PT,2019-2020,34.0
2018,A,0,C,MoEYS_Education Statistics & Indicators,A,N,N_KH_04010102_01,KH09,M,,PT,2019-2020,35.1
2019,A,0,C,MoEYS_Education Statistics & Indicators,A,N,N_KH_04010102_01,KH09,M,,PT,2019-2020,31.9
2009,A,0,C,MoEYS_Education Statistics & Indicators,A,N,N_KH_04010102_01,KH09,,,PT,2019-2020,42.2
2010,A,0,C,MoEYS_Education Statistics & Indicators,A,N,N_KH_04010102_01,KH09,,,PT,2019-2020,48.4
2011,A,0,C,MoEYS_Education Statistics & Indicators,A,N,N_KH_04010102_01,KH09,,,PT,2019-2020,39.1
2012,A,0,C,MoEYS_Education Statistics & Indicators,A,N,N_KH_04010102_01,KH09,,,PT,2019-2020,37.3
2013,A,0,C,MoEYS_Education Statistics & Indicators,A,N,N_KH_04010102_01,KH09,,,PT,2019-2020,35.2
2014,A,0,C,MoEYS_Education Statistics & Indicators,A,N,N_KH_04010102_01,KH09,,,PT,2019-2020,34.6
2015,A,0,C,MoEYS_Education Statistics & Indicators,A,N,N_KH_04010102_01,KH09,,,PT,2019-2020,32.6
2016,A,0,C,MoEYS_Education Statistics & Indicators,A,N,N_KH_04010102_01,KH09,,,PT,2019-2020,33.4
2017,A,0,C,MoEYS_Education Statistics & Indicators,A,N,N_KH_04010102_01,KH09,,,PT,2019-2020,34.5
2018,A,0,C,MoEYS_Education Statistics & Indicators,A,N,N_KH_04010102_01,KH09,,,PT,2019-2020,36.2
2019,A,0,C,MoEYS_Education Statistics & Indicators,A,N,N_KH_04010102_01,KH09,,,PT,2019-2020,34.2
2009,A,0,C,MoEYS_Education Statistics & Indicators,A,N,N_KH_04010102_01,KH10,F,,PT,2019-2020,39.6
2010,A,0,C,MoEYS_Education Statistics & Indicators,A,N,N_KH_04010102_01,KH10,F,,PT,2019-2020,46.5
2011,A,0,C,MoEYS_Education Statistics & Indicators,A,N,N_KH_04010102_01,KH10,F,,PT,2019-2020,33.8
2012,A,0,C,MoEYS_Education Statistics & Indicators,A,N,N_KH_04010102_01,KH10,F,,PT,2019-2020,34.2
2013,A,0,C,MoEYS_Education Statistics & Indicators,A,N,N_KH_04010102_01,KH10,F,,PT,2019-2020,33.1
2014,A,0,C,MoEYS_Education Statistics & Indicators,A,N,N_KH_04010102_01,KH10,F,,PT,2019-2020,32.0
2015,A,0,C,MoEYS_Education Statistics & Indicators,A,N,N_KH_04010102_01,KH10,F,,PT,2019-2020,31.8
2016,A,0,C,MoEYS_Education Statistics & Indicators,A,N,N_KH_04010102_01,KH10,F,,PT,2019-2020,37.4
2017,A,0,C,MoEYS_Education Statistics & Indicators,A,N,N_KH_04010102_01,KH10,F,,PT,2019-2020,39.5
2018,A,0,C,MoEYS_Education Statistics & Indicators,A,N,N_KH_04010102_01,KH10,F,,PT,2019-2020,37.3
2019,A,0,C,MoEYS_Education Statistics & Indicators,A,N,N_KH_04010102_01,KH10,F,,PT,2019-2020,37.4
2009,A,0,C,MoEYS_Education Statistics & Indicators,A,N,N_KH_04010102_01,KH10,M,,PT,2019-2020,37.7
2010,A,0,C,MoEYS_Education Statistics & Indicators,A,N,N_KH_04010102_01,KH10,M,,PT,2019-2020,42.9
2011,A,0,C,MoEYS_Education Statistics & Indicators,A,N,N_KH_04010102_01,KH10,M,,PT,2019-2020,32.7
2012,A,0,C,MoEYS_Education Statistics & Indicators,A,N,N_KH_04010102_01,KH10,M,,PT,2019-2020,30.9
2013,A,0,C,MoEYS_Education Statistics & Indicators,A,N,N_KH_04010102_01,KH10,M,,PT,2019-2020,29.5
2014,A,0,C,MoEYS_Education Statistics & Indicators,A,N,N_KH_04010102_01,KH10,M,,PT,2019-2020,27.9
2015,A,0,C,MoEYS_Education Statistics & Indicators,A,N,N_KH_04010102_01,KH10,M,,PT,2019-2020,28.0
2016,A,0,C,MoEYS_Education Statistics & Indicators,A,N,N_KH_04010102_01,KH10,M,,PT,2019-2020,30.4
2017,A,0,C,MoEYS_Education Statistics & Indicators,A,N,N_KH_04010102_01,KH10,M,,PT,2019-2020,30.4
2018,A,0,C,MoEYS_Education Statistics & Indicators,A,N,N_KH_04010102_01,KH10,M,,PT,2019-2020,31.5
2019,A,0,C,MoEYS_Education Statistics & Indicators,A,N,N_KH_04010102_01,KH10,M,,PT,2019-2020,28.5
2009,A,0,C,MoEYS_Education Statistics & Indicators,A,N,N_KH_04010102_01,KH10,,,PT,2019-2020,38.6
2010,A,0,C,MoEYS_Education Statistics & Indicators,A,N,N_KH_04010102_01,KH10,,,PT,2019-2020,44.6
2011,A,0,C,MoEYS_Education Statistics & Indicators,A,N,N_KH_04010102_01,KH10,,,PT,2019-2020,33.3
2012,A,0,C,MoEYS_Education Statistics & Indicators,A,N,N_KH_04010102_01,KH10,,,PT,2019-2020,32.5
2013,A,0,C,MoEYS_Education Statistics & Indicators,A,N,N_KH_04010102_01,KH10,,,PT,2019-2020,31.3
2014,A,0,C,MoEYS_Education Statistics & Indicators,A,N,N_KH_04010102_01,KH10,,,PT,2019-2020,29.9
2015,A,0,C,MoEYS_Education Statistics & Indicators,A,N,N_KH_04010102_01,KH10,,,PT,2019-2020,29.9
2016,A,0,C,MoEYS_Education Statistics & Indicators,A,N,N_KH_04010102_01,KH10,,,PT,2019-2020,33.8
2017,A,0,C,MoEYS_Education Statistics & Indicators,A,N,N_KH_04010102_01,KH10,,,PT,2019-2020,34.8
2018,A,0,C,MoEYS_Education Statistics & Indicators,A,N,N_KH_04010102_01,KH10,,,PT,2019-2020,34.3
2019,A,0,C,MoEYS_Education Statistics & Indicators,A,N,N_KH_04010102_01,KH10,,,PT,2019-2020,32.8
2009,A,0,C,MoEYS_Education Statistics & Indicators,A,N,N_KH_04010102_01,KH11,F,,PT,2019-2020,22.0
2010,A,0,C,MoEYS_Education Statistics & Indicators,A,N,N_KH_04010102_01,KH11,F,,PT,2019-2020,31.8
2011,A,0,C,MoEYS_Education Statistics & Indicators,A,N,N_KH_04010102_01,KH11,F,,PT,2019-2020,26.2
2012,A,0,C,MoEYS_Education Statistics & Indicators,A,N,N_KH_04010102_01,KH11,F,,PT,2019-2020,23.7
2013,A,0,C,MoEYS_Education Statistics & Indicators,A,N,N_KH_04010102_01,KH11,F,,PT,2019-2020,28.4
2014,A,0,C,MoEYS_Education Statistics & Indicators,A,N,N_KH_04010102_01,KH11,F,,PT,2019-2020,31.4
2015,A,0,C,MoEYS_Education Statistics & Indicators,A,N,N_KH_04010102_01,KH11,F,,PT,2019-2020,26.9
2016,A,0,C,MoEYS_Education Statistics & Indicators,A,N,N_KH_04010102_01,KH11,F,,PT,2019-2020,38.4
2017,A,0,C,MoEYS_Education Statistics & Indicators,A,N,N_KH_04010102_01,KH11,F,,PT,2019-2020,35.3
2018,A,0,C,MoEYS_Education Statistics & Indicators,A,N,N_KH_04010102_01,KH11,F,,PT,2019-2020,41.0
2019,A,0,C,MoEYS_Education Statistics & Indicators,A,N,N_KH_04010102_01,KH11,F,,PT,2019-2020,42.7
2009,A,0,C,MoEYS_Education Statistics & Indicators,A,N,N_KH_04010102_01,KH11,M,,PT,2019-2020,26.9
2010,A,0,C,MoEYS_Education Statistics & Indicators,A,N,N_KH_04010102_01,KH11,M,,PT,2019-2020,47.9
2011,A,0,C,MoEYS_Education Statistics & Indicators,A,N,N_KH_04010102_01,KH11,M,,PT,2019-2020,29.7
2012,A,0,C,MoEYS_Education Statistics & Indicators,A,N,N_KH_04010102_01,KH11,M,,PT,2019-2020,28.0
2013,A,0,C,MoEYS_Education Statistics & Indicators,A,N,N_KH_04010102_01,KH11,M,,PT,2019-2020,31.1
2014,A,0,C,MoEYS_Education Statistics & Indicators,A,N,N_KH_04010102_01,KH11,M,,PT,2019-2020,27.8
2015,A,0,C,MoEYS_Education Statistics & Indicators,A,N,N_KH_04010102_01,KH11,M,,PT,2019-2020,26.5
2016,A,0,C,MoEYS_Education Statistics & Indicators,A,N,N_KH_04010102_01,KH11,M,,PT,2019-2020,31.3
2017,A,0,C,MoEYS_Education Statistics & Indicators,A,N,N_KH_04010102_01,KH11,M,,PT,2019-2020,27.9
2018,A,0,C,MoEYS_Education Statistics & Indicators,A,N,N_KH_04010102_01,KH11,M,,PT,2019-2020,33.8
2019,A,0,C,MoEYS_Education Statistics & Indicators,A,N,N_KH_04010102_01,KH11,M,,PT,2019-2020,32.7
2009,A,0,C,MoEYS_Education Statistics & Indicators,A,N,N_KH_04010102_01,KH11,,,PT,2019-2020,24.5
2010,A,0,C,MoEYS_Education Statistics & Indicators,A,N,N_KH_04010102_01,KH11,,,PT,2019-2020,39.5
2011,A,0,C,MoEYS_Education Statistics & Indicators,A,N,N_KH_04010102_01,KH11,,,PT,2019-2020,28.0
2012,A,0,C,MoEYS_Education Statistics & Indicators,A,N,N_KH_04010102_01,KH11,,,PT,2019-2020,25.9
2013,A,0,C,MoEYS_Education Statistics & Indicators,A,N,N_KH_04010102_01,KH11,,,PT,2019-2020,29.8
2014,A,0,C,MoEYS_Education Statistics & Indicators,A,N,N_KH_04010102_01,KH11,,,PT,2019-2020,29.6
2015,A,0,C,MoEYS_Education Statistics & Indicators,A,N,N_KH_04010102_01,KH11,,,PT,2019-2020,26.7
2016,A,0,C,MoEYS_Education Statistics & Indicators,A,N,N_KH_04010102_01,KH11,,,PT,2019-2020,34.8
2017,A,0,C,MoEYS_Education Statistics & Indicators,A,N,N_KH_04010102_01,KH11,,,PT,2019-2020,31.5
2018,A,0,C,MoEYS_Education Statistics & Indicators,A,N,N_KH_04010102_01,KH11,,,PT,2019-2020,37.3
2019,A,0,C,MoEYS_Education Statistics & Indicators,A,N,N_KH_04010102_01,KH11,,,PT,2019-2020,37.6
2009,A,0,C,MoEYS_Education Statistics & Indicators,A,N,N_KH_04010102_01,KH22,F,,PT,2019-2020,35.8
2010,A,0,C,MoEYS_Education Statistics & Indicators,A,N,N_KH_04010102_01,KH22,F,,PT,2019-2020,35.4
2011,A,0,C,MoEYS_Education Statistics & Indicators,A,N,N_KH_04010102_01,KH22,F,,PT,2019-2020,30.7
2012,A,0,C,MoEYS_Education Statistics & Indicators,A,N,N_KH_04010102_01,KH22,F,,PT,2019-2020,24.7
2013,A,0,C,MoEYS_Education Statistics & Indicators,A,N,N_KH_04010102_01,KH22,F,,PT,2019-2020,27.7
2014,A,0,C,MoEYS_Education Statistics & Indicators,A,N,N_KH_04010102_01,KH22,F,,PT,2019-2020,31.7
2015,A,0,C,MoEYS_Education Statistics & Indicators,A,N,N_KH_04010102_01,KH22,F,,PT,2019-2020,30.8
2016,A,0,C,MoEYS_Education Statistics & Indicators,A,N,N_KH_04010102_01,KH22,F,,PT,2019-2020,34.5
2017,A,0,C,MoEYS_Education Statistics & Indicators,A,N,N_KH_04010102_01,KH22,F,,PT,2019-2020,36.1
2018,A,0,C,MoEYS_Education Statistics & Indicators,A,N,N_KH_04010102_01,KH22,F,,PT,2019-2020,37.0
2019,A,0,C,MoEYS_Education Statistics & Indicators,A,N,N_KH_04010102_01,KH22,F,,PT,2019-2020,37.0
2009,A,0,C,MoEYS_Education Statistics & Indicators,A,N,N_KH_04010102_01,KH22,M,,PT,2019-2020,34.4
2010,A,0,C,MoEYS_Education Statistics & Indicators,A,N,N_KH_04010102_01,KH22,M,,PT,2019-2020,38.5
2011,A,0,C,MoEYS_Education Statistics & Indicators,A,N,N_KH_04010102_01,KH22,M,,PT,2019-2020,29.2
2012,A,0,C,MoEYS_Education Statistics & Indicators,A,N,N_KH_04010102_01,KH22,M,,PT,2019-2020,26.4
2013,A,0,C,MoEYS_Education Statistics & Indicators,A,N,N_KH_04010102_01,KH22,M,,PT,2019-2020,24.6
2014,A,0,C,MoEYS_Education Statistics & Indicators,A,N,N_KH_04010102_01,KH22,M,,PT,2019-2020,27.2
2015,A,0,C,MoEYS_Education Statistics & Indicators,A,N,N_KH_04010102_01,KH22,M,,PT,2019-2020,28.5
2016,A,0,C,MoEYS_Education Statistics & Indicators,A,N,N_KH_04010102_01,KH22,M,,PT,2019-2020,28.7
2017,A,0,C,MoEYS_Education Statistics & Indicators,A,N,N_KH_04010102_01,KH22,M,,PT,2019-2020,29.3
2018,A,0,C,MoEYS_Education Statistics & Indicators,A,N,N_KH_04010102_01,KH22,M,,PT,2019-2020,32.8
2019,A,0,C,MoEYS_Education Statistics & Indicators,A,N,N_KH_04010102_01,KH22,M,,PT,2019-2020,30.9
2009,A,0,C,MoEYS_Education Statistics & Indicators,A,N,N_KH_04010102_01,KH22,,,PT,2019-2020,35.1
2010,A,0,C,MoEYS_Education Statistics & Indicators,A,N,N_KH_04010102_01,KH22,,,PT,2019-2020,37.0
2011,A,0,C,MoEYS_Education Statistics & Indicators,A,N,N_KH_04010102_01,KH22,,,PT,2019-2020,29.9
2012,A,0,C,MoEYS_Education Statistics & Indicators,A,N,N_KH_04010102_01,KH22,,,PT,2019-2020,25.6
2013,A,0,C,MoEYS_Education Statistics & Indicators,A,N,N_KH_04010102_01,KH22,,,PT,2019-2020,26.1
2014,A,0,C,MoEYS_Education Statistics & Indicators,A,N,N_KH_04010102_01,KH22,,,PT,2019-2020,29.3
2015,A,0,C,MoEYS_Education Statistics & Indicators,A,N,N_KH_04010102_01,KH22,,,PT,2019-2020,29.6
2016,A,0,C,MoEYS_Education Statistics & Indicators,A,N,N_KH_04010102_01,KH22,,,PT,2019-2020,31.5
2017,A,0,C,MoEYS_Education Statistics & Indicators,A,N,N_KH_04010102_01,KH22,,,PT,2019-2020,32.6
2018,A,0,C,MoEYS_Education Statistics & Indicators,A,N,N_KH_04010102_01,KH22,,,PT,2019-2020,34.8
2019,A,0,C,MoEYS_Education Statistics & Indicators,A,N,N_KH_04010102_01,KH22,,,PT,2019-2020,33.8
2009,A,0,C,MoEYS_Education Statistics & Indicators,A,N,N_KH_04010102_01,KH24,F,,PT,2019-2020,42.8
2010,A,0,C,MoEYS_Education Statistics & Indicators,A,N,N_KH_04010102_01,KH24,F,,PT,2019-2020,31.9
2011,A,0,C,MoEYS_Education Statistics & Indicators,A,N,N_KH_04010102_01,KH24,F,,PT,2019-2020,32.6
2012,A,0,C,MoEYS_Education Statistics & Indicators,A,N,N_KH_04010102_01,KH24,F,,PT,2019-2020,30.2
2013,A,0,C,MoEYS_Education Statistics & Indicators,A,N,N_KH_04010102_01,KH24,F,,PT,2019-2020,26.9
2014,A,0,C,MoEYS_Education Statistics & Indicators,A,N,N_KH_04010102_01,KH24,F,,PT,2019-2020,27.4
2015,A,0,C,MoEYS_Education Statistics & Indicators,A,N,N_KH_04010102_01,KH24,F,,PT,2019-2020,26.8
2016,A,0,C,MoEYS_Education Statistics & Indicators,A,N,N_KH_04010102_01,KH24,F,,PT,2019-2020,27.5
2017,A,0,C,MoEYS_Education Statistics & Indicators,A,N,N_KH_04010102_01,KH24,F,,PT,2019-2020,32.9
2018,A,0,C,MoEYS_Education Statistics & Indicators,A,N,N_KH_04010102_01,KH24,F,,PT,2019-2020,31.4
2019,A,0,C,MoEYS_Education Statistics & Indicators,A,N,N_KH_04010102_01,KH24,F,,PT,2019-2020,32.1
2009,A,0,C,MoEYS_Education Statistics & Indicators,A,N,N_KH_04010102_01,KH24,M,,PT,2019-2020,45.5
2010,A,0,C,MoEYS_Education Statistics & Indicators,A,N,N_KH_04010102_01,KH24,M,,PT,2019-2020,43.1
2011,A,0,C,MoEYS_Education Statistics & Indicators,A,N,N_KH_04010102_01,KH24,M,,PT,2019-2020,32.4
2012,A,0,C,MoEYS_Education Statistics & Indicators,A,N,N_KH_04010102_01,KH24,M,,PT,2019-2020,32.3
2013,A,0,C,MoEYS_Education Statistics & Indicators,A,N,N_KH_04010102_01,KH24,M,,PT,2019-2020,26.4
2014,A,0,C,MoEYS_Education Statistics & Indicators,A,N,N_KH_04010102_01,KH24,M,,PT,2019-2020,26.1
2015,A,0,C,MoEYS_Education Statistics & Indicators,A,N,N_KH_04010102_01,KH24,M,,PT,2019-2020,23.2
2016,A,0,C,MoEYS_Education Statistics & Indicators,A,N,N_KH_04010102_01,KH24,M,,PT,2019-2020,25.7
2017,A,0,C,MoEYS_Education Statistics & Indicators,A,N,N_KH_04010102_01,KH24,M,,PT,2019-2020,27.4
2018,A,0,C,MoEYS_Education Statistics & Indicators,A,N,N_KH_04010102_01,KH24,M,,PT,2019-2020,26.6
2019,A,0,C,MoEYS_Education Statistics & Indicators,A,N,N_KH_04010102_01,KH24,M,,PT,2019-2020,28.6
2009,A,0,C,MoEYS_Education Statistics & Indicators,A,N,N_KH_04010102_01,KH24,,,PT,2019-2020,44.2
2010,A,0,C,MoEYS_Education Statistics & Indicators,A,N,N_KH_04010102_01,KH24,,,PT,2019-2020,37.6
2011,A,0,C,MoEYS_Education Statistics & Indicators,A,N,N_KH_04010102_01,KH24,,,PT,2019-2020,32.5
2012,A,0,C,MoEYS_Education Statistics & Indicators,A,N,N_KH_04010102_01,KH24,,,PT,2019-2020,31.3
2013,A,0,C,MoEYS_Education Statistics & Indicators,A,N,N_KH_04010102_01,KH24,,,PT,2019-2020,26.6
2014,A,0,C,MoEYS_Education Statistics & Indicators,A,N,N_KH_04010102_01,KH24,,,PT,2019-2020,26.7
2015,A,0,C,MoEYS_Education Statistics & Indicators,A,N,N_KH_04010102_01,KH24,,,PT,2019-2020,24.9
2016,A,0,C,MoEYS_Education Statistics & Indicators,A,N,N_KH_04010102_01,KH24,,,PT,2019-2020,26.6
2017,A,0,C,MoEYS_Education Statistics & Indicators,A,N,N_KH_04010102_01,KH24,,,PT,2019-2020,30.0
2018,A,0,C,MoEYS_Education Statistics & Indicators,A,N,N_KH_04010102_01,KH24,,,PT,2019-2020,28.9
2019,A,0,C,MoEYS_Education Statistics & Indicators,A,N,N_KH_04010102_01,KH24,,,PT,2019-2020,30.3
2009,A,0,C,MoEYS_Education Statistics & Indicators,A,N,N_KH_04010102_01,KH12,F,,PT,2019-2020,65.1
2010,A,0,C,MoEYS_Education Statistics & Indicators,A,N,N_KH_04010102_01,KH12,F,,PT,2019-2020,46.5
2011,A,0,C,MoEYS_Education Statistics & Indicators,A,N,N_KH_04010102_01,KH12,F,,PT,2019-2020,54.6
2012,A,0,C,MoEYS_Education Statistics & Indicators,A,N,N_KH_04010102_01,KH12,F,,PT,2019-2020,52.4
2013,A,0,C,MoEYS_Education Statistics & Indicators,A,N,N_KH_04010102_01,KH12,F,,PT,2019-2020,50.0
2014,A,0,C,MoEYS_Education Statistics & Indicators,A,N,N_KH_04010102_01,KH12,F,,PT,2019-2020,51.9
2015,A,0,C,MoEYS_Education Statistics & Indicators,A,N,N_KH_04010102_01,KH12,F,,PT,2019-2020,43.2
2016,A,0,C,MoEYS_Education Statistics & Indicators,A,N,N_KH_04010102_01,KH12,F,,PT,2019-2020,44.4
2017,A,0,C,MoEYS_Education Statistics & Indicators,A,N,N_KH_04010102_01,KH12,F,,PT,2019-2020,44.9
2018,A,0,C,MoEYS_Education Statistics & Indicators,A,N,N_KH_04010102_01,KH12,F,,PT,2019-2020,45.8
2019,A,0,C,MoEYS_Education Statistics & Indicators,A,N,N_KH_04010102_01,KH12,F,,PT,2019-2020,47.0
2009,A,0,C,MoEYS_Education Statistics & Indicators,A,N,N_KH_04010102_01,KH12,M,,PT,2019-2020,76.2
2010,A,0,C,MoEYS_Education Statistics & Indicators,A,N,N_KH_04010102_01,KH12,M,,PT,2019-2020,54.8
2011,A,0,C,MoEYS_Education Statistics & Indicators,A,N,N_KH_04010102_01,KH12,M,,PT,2019-2020,66.8
2012,A,0,C,MoEYS_Education Statistics & Indicators,A,N,N_KH_04010102_01,KH12,M,,PT,2019-2020,57.4
2013,A,0,C,MoEYS_Education Statistics & Indicators,A,N,N_KH_04010102_01,KH12,M,,PT,2019-2020,53.4
2014,A,0,C,MoEYS_Education Statistics & Indicators,A,N,N_KH_04010102_01,KH12,M,,PT,2019-2020,57.4
2015,A,0,C,MoEYS_Education Statistics & Indicators,A,N,N_KH_04010102_01,KH12,M,,PT,2019-2020,47.8
2016,A,0,C,MoEYS_Education Statistics & Indicators,A,N,N_KH_04010102_01,KH12,M,,PT,2019-2020,47.1
2017,A,0,C,MoEYS_Education Statistics & Indicators,A,N,N_KH_04010102_01,KH12,M,,PT,2019-2020,45.9
2018,A,0,C,MoEYS_Education Statistics & Indicators,A,N,N_KH_04010102_01,KH12,M,,PT,2019-2020,45.6
2019,A,0,C,MoEYS_Education Statistics & Indicators,A,N,N_KH_04010102_01,KH12,M,,PT,2019-2020,47.4
2009,A,0,C,MoEYS_Education Statistics & Indicators,A,N,N_KH_04010102_01,KH12,,,PT,2019-2020,70.6
2010,A,0,C,MoEYS_Education Statistics & Indicators,A,N,N_KH_04010102_01,KH12,,,PT,2019-2020,50.5
2011,A,0,C,MoEYS_Education Statistics & Indicators,A,N,N_KH_04010102_01,KH12,,,PT,2019-2020,60.6
2012,A,0,C,MoEYS_Education Statistics & Indicators,A,N,N_KH_04010102_01,KH12,,,PT,2019-2020,54.9
2013,A,0,C,MoEYS_Education Statistics & Indicators,A,N,N_KH_04010102_01,KH12,,,PT,2019-2020,51.7
2014,A,0,C,MoEYS_Education Statistics & Indicators,A,N,N_KH_04010102_01,KH12,,,PT,2019-2020,54.6
2015,A,0,C,MoEYS_Education Statistics & Indicators,A,N,N_KH_04010102_01,KH12,,,PT,2019-2020,45.5
2016,A,0,C,MoEYS_Education Statistics & Indicators,A,N,N_KH_04010102_01,KH12,,,PT,2019-2020,45.7
2017,A,0,C,MoEYS_Education Statistics & Indicators,A,N,N_KH_04010102_01,KH12,,,PT,2019-2020,45.4
2018,A,0,C,MoEYS_Education Statistics & Indicators,A,N,N_KH_04010102_01,KH12,,,PT,2019-2020,45.7
2019,A,0,C,MoEYS_Education Statistics & Indicators,A,N,N_KH_04010102_01,KH12,,,PT,2019-2020,47.2
2009,A,0,C,MoEYS_Education Statistics & Indicators,A,N,N_KH_04010102_01,KH18,F,,PT,2019-2020,37.8
2010,A,0,C,MoEYS_Education Statistics & Indicators,A,N,N_KH_04010102_01,KH18,F,,PT,2019-2020,39.2
2011,A,0,C,MoEYS_Education Statistics & Indicators,A,N,N_KH_04010102_01,KH18,F,,PT,2019-2020,35.2
2012,A,0,C,MoEYS_Education Statistics & Indicators,A,N,N_KH_04010102_01,KH18,F,,PT,2019-2020,34.1
2013,A,0,C,MoEYS_Education Statistics & Indicators,A,N,N_KH_04010102_01,KH18,F,,PT,2019-2020,30.6
2014,A,0,C,MoEYS_Education Statistics & Indicators,A,N,N_KH_04010102_01,KH18,F,,PT,2019-2020,31.1
2015,A,0,C,MoEYS_Education Statistics & Indicators,A,N,N_KH_04010102_01,KH18,F,,PT,2019-2020,29.7
2016,A,0,C,MoEYS_Education Statistics & Indicators,A,N,N_KH_04010102_01,KH18,F,,PT,2019-2020,33.7
2017,A,0,C,MoEYS_Education Statistics & Indicators,A,N,N_KH_04010102_01,KH18,F,,PT,2019-2020,31.8
2018,A,0,C,MoEYS_Education Statistics & Indicators,A,N,N_KH_04010102_01,KH18,F,,PT,2019-2020,34.1
2019,A,0,C,MoEYS_Education Statistics & Indicators,A,N,N_KH_04010102_01,KH18,F,,PT,2019-2020,32.7
2009,A,0,C,MoEYS_Education Statistics & Indicators,A,N,N_KH_04010102_01,KH18,M,,PT,2019-2020,46.2
2010,A,0,C,MoEYS_Education Statistics & Indicators,A,N,N_KH_04010102_01,KH18,M,,PT,2019-2020,46.5
2011,A,0,C,MoEYS_Education Statistics & Indicators,A,N,N_KH_04010102_01,KH18,M,,PT,2019-2020,39.4
2012,A,0,C,MoEYS_Education Statistics & Indicators,A,N,N_KH_04010102_01,KH18,M,,PT,2019-2020,33.2
2013,A,0,C,MoEYS_Education Statistics & Indicators,A,N,N_KH_04010102_01,KH18,M,,PT,2019-2020,31.9
2014,A,0,C,MoEYS_Education Statistics & Indicators,A,N,N_KH_04010102_01,KH18,M,,PT,2019-2020,33.1
2015,A,0,C,MoEYS_Education Statistics & Indicators,A,N,N_KH_04010102_01,KH18,M,,PT,2019-2020,30.5
2016,A,0,C,MoEYS_Education Statistics & Indicators,A,N,N_KH_04010102_01,KH18,M,,PT,2019-2020,33.8
2017,A,0,C,MoEYS_Education Statistics & Indicators,A,N,N_KH_04010102_01,KH18,M,,PT,2019-2020,27.6
2018,A,0,C,MoEYS_Education Statistics & Indicators,A,N,N_KH_04010102_01,KH18,M,,PT,2019-2020,32.0
2019,A,0,C,MoEYS_Education Statistics & Indicators,A,N,N_KH_04010102_01,KH18,M,,PT,2019-2020,29.3
2009,A,0,C,MoEYS_Education Statistics & Indicators,A,N,N_KH_04010102_01,KH18,,,PT,2019-2020,42.1
2010,A,0,C,MoEYS_Education Statistics & Indicators,A,N,N_KH_04010102_01,KH18,,,PT,2019-2020,43.0
2011,A,0,C,MoEYS_Education Statistics & Indicators,A,N,N_KH_04010102_01,KH18,,,PT,2019-2020,37.4
2012,A,0,C,MoEYS_Education Statistics & Indicators,A,N,N_KH_04010102_01,KH18,,,PT,2019-2020,33.6
2013,A,0,C,MoEYS_Education Statistics & Indicators,A,N,N_KH_04010102_01,KH18,,,PT,2019-2020,31.2
2014,A,0,C,MoEYS_Education Statistics & Indicators,A,N,N_KH_04010102_01,KH18,,,PT,2019-2020,32.1
2015,A,0,C,MoEYS_Education Statistics & Indicators,A,N,N_KH_04010102_01,KH18,,,PT,2019-2020,30.1
2016,A,0,C,MoEYS_Education Statistics & Indicators,A,N,N_KH_04010102_01,KH18,,,PT,2019-2020,33.7
2017,A,0,C,MoEYS_Education Statistics & Indicators,A,N,N_KH_04010102_01,KH18,,,PT,2019-2020,29.6
2018,A,0,C,MoEYS_Education Statistics & Indicators,A,N,N_KH_04010102_01,KH18,,,PT,2019-2020,33.0
2019,A,0,C,MoEYS_Education Statistics & Indicators,A,N,N_KH_04010102_01,KH18,,,PT,2019-2020,30.9
2009,A,0,C,MoEYS_Education Statistics & Indicators,A,N,N_KH_04010102_01,KH13,F,,PT,2019-2020,39.0
2010,A,0,C,MoEYS_Education Statistics & Indicators,A,N,N_KH_04010102_01,KH13,F,,PT,2019-2020,43.4
2011,A,0,C,MoEYS_Education Statistics & Indicators,A,N,N_KH_04010102_01,KH13,F,,PT,2019-2020,38.4
2012,A,0,C,MoEYS_Education Statistics & Indicators,A,N,N_KH_04010102_01,KH13,F,,PT,2019-2020,38.4
2013,A,0,C,MoEYS_Education Statistics & Indicators,A,N,N_KH_04010102_01,KH13,F,,PT,2019-2020,44.5
2014,A,0,C,MoEYS_Education Statistics & Indicators,A,N,N_KH_04010102_01,KH13,F,,PT,2019-2020,44.6
2015,A,0,C,MoEYS_Education Statistics & Indicators,A,N,N_KH_04010102_01,KH13,F,,PT,2019-2020,42.4
2016,A,0,C,MoEYS_Education Statistics & Indicators,A,N,N_KH_04010102_01,KH13,F,,PT,2019-2020,46.3
2017,A,0,C,MoEYS_Education Statistics & Indicators,A,N,N_KH_04010102_01,KH13,F,,PT,2019-2020,53.5
2018,A,0,C,MoEYS_Education Statistics & Indicators,A,N,N_KH_04010102_01,KH13,F,,PT,2019-2020,57.4
2019,A,0,C,MoEYS_Education Statistics & Indicators,A,N,N_KH_04010102_01,KH13,F,,PT,2019-2020,58.3
2009,A,0,C,MoEYS_Education Statistics & Indicators,A,N,N_KH_04010102_01,KH13,M,,PT,2019-2020,37.5
2010,A,0,C,MoEYS_Education Statistics & Indicators,A,N,N_KH_04010102_01,KH13,M,,PT,2019-2020,43.2
2011,A,0,C,MoEYS_Education Statistics & Indicators,A,N,N_KH_04010102_01,KH13,M,,PT,2019-2020,35.5
2012,A,0,C,MoEYS_Education Statistics & Indicators,A,N,N_KH_04010102_01,KH13,M,,PT,2019-2020,36.1
2013,A,0,C,MoEYS_Education Statistics & Indicators,A,N,N_KH_04010102_01,KH13,M,,PT,2019-2020,36.4
2014,A,0,C,MoEYS_Education Statistics & Indicators,A,N,N_KH_04010102_01,KH13,M,,PT,2019-2020,35.8
2015,A,0,C,MoEYS_Education Statistics & Indicators,A,N,N_KH_04010102_01,KH13,M,,PT,2019-2020,35.3
2016,A,0,C,MoEYS_Education Statistics & Indicators,A,N,N_KH_04010102_01,KH13,M,,PT,2019-2020,38.0
2017,A,0,C,MoEYS_Education Statistics & Indicators,A,N,N_KH_04010102_01,KH13,M,,PT,2019-2020,40.8
2018,A,0,C,MoEYS_Education Statistics & Indicators,A,N,N_KH_04010102_01,KH13,M,,PT,2019-2020,43.9
2019,A,0,C,MoEYS_Education Statistics & Indicators,A,N,N_KH_04010102_01,KH13,M,,PT,2019-2020,45.3
2009,A,0,C,MoEYS_Education Statistics & Indicators,A,N,N_KH_04010102_01,KH13,,,PT,2019-2020,38.2
2010,A,0,C,MoEYS_Education Statistics & Indicators,A,N,N_KH_04010102_01,KH13,,,PT,2019-2020,43.3
2011,A,0,C,MoEYS_Education Statistics & Indicators,A,N,N_KH_04010102_01,KH13,,,PT,2019-2020,37.0
2012,A,0,C,MoEYS_Education Statistics & Indicators,A,N,N_KH_04010102_01,KH13,,,PT,2019-2020,37.2
2013,A,0,C,MoEYS_Education Statistics & Indicators,A,N,N_KH_04010102_01,KH13,,,PT,2019-2020,40.3
2014,A,0,C,MoEYS_Education Statistics & Indicators,A,N,N_KH_04010102_01,KH13,,,PT,2019-2020,40.1
2015,A,0,C,MoEYS_Education Statistics & Indicators,A,N,N_KH_04010102_01,KH13,,,PT,2019-2020,38.8
2016,A,0,C,MoEYS_Education Statistics & Indicators,A,N,N_KH_04010102_01,KH13,,,PT,2019-2020,42.1
2017,A,0,C,MoEYS_Education Statistics & Indicators,A,N,N_KH_04010102_01,KH13,,,PT,2019-2020,47.0
2018,A,0,C,MoEYS_Education Statistics & Indicators,A,N,N_KH_04010102_01,KH13,,,PT,2019-2020,50.5
2019,A,0,C,MoEYS_Education Statistics & Indicators,A,N,N_KH_04010102_01,KH13,,,PT,2019-2020,51.6
2009,A,0,C,MoEYS_Education Statistics & Indicators,A,N,N_KH_04010102_01,KH14,F,,PT,2019-2020,43.7
2010,A,0,C,MoEYS_Education Statistics & Indicators,A,N,N_KH_04010102_01,KH14,F,,PT,2019-2020,44.2
2011,A,0,C,MoEYS_Education Statistics & Indicators,A,N,N_KH_04010102_01,KH14,F,,PT,2019-2020,41.0
2012,A,0,C,MoEYS_Education Statistics & Indicators,A,N,N_KH_04010102_01,KH14,F,,PT,2019-2020,38.3
2013,A,0,C,MoEYS_Education Statistics & Indicators,A,N,N_KH_04010102_01,KH14,F,,PT,2019-2020,39.8
2014,A,0,C,MoEYS_Education Statistics & Indicators,A,N,N_KH_04010102_01,KH14,F,,PT,2019-2020,42.8
2015,A,0,C,MoEYS_Education Statistics & Indicators,A,N,N_KH_04010102_01,KH14,F,,PT,2019-2020,46.2
2016,A,0,C,MoEYS_Education Statistics & Indicators,A,N,N_KH_04010102_01,KH14,F,,PT,2019-2020,51.0
2017,A,0,C,MoEYS_Education Statistics & Indicators,A,N,N_KH_04010102_01,KH14,F,,PT,2019-2020,58.7
2018,A,0,C,MoEYS_Education Statistics & Indicators,A,N,N_KH_04010102_01,KH14,F,,PT,2019-2020,60.2
2019,A,0,C,MoEYS_Education Statistics & Indicators,A,N,N_KH_04010102_01,KH14,F,,PT,2019-2020,57.9
2009,A,0,C,MoEYS_Education Statistics & Indicators,A,N,N_KH_04010102_01,KH14,M,,PT,2019-2020,52.1
2010,A,0,C,MoEYS_Education Statistics & Indicators,A,N,N_KH_04010102_01,KH14,M,,PT,2019-2020,53.8
2011,A,0,C,MoEYS_Education Statistics & Indicators,A,N,N_KH_04010102_01,KH14,M,,PT,2019-2020,44.0
2012,A,0,C,MoEYS_Education Statistics & Indicators,A,N,N_KH_04010102_01,KH14,M,,PT,2019-2020,41.7
2013,A,0,C,MoEYS_Education Statistics & Indicators,A,N,N_KH_04010102_01,KH14,M,,PT,2019-2020,42.5
2014,A,0,C,MoEYS_Education Statistics & Indicators,A,N,N_KH_04010102_01,KH14,M,,PT,2019-2020,43.0
2015,A,0,C,MoEYS_Education Statistics & Indicators,A,N,N_KH_04010102_01,KH14,M,,PT,2019-2020,42.1
2016,A,0,C,MoEYS_Education Statistics & Indicators,A,N,N_KH_04010102_01,KH14,M,,PT,2019-2020,44.9
2017,A,0,C,MoEYS_Education Statistics & Indicators,A,N,N_KH_04010102_01,KH14,M,,PT,2019-2020,47.1
2018,A,0,C,MoEYS_Education Statistics & Indicators,A,N,N_KH_04010102_01,KH14,M,,PT,2019-2020,47.1
2019,A,0,C,MoEYS_Education Statistics & Indicators,A,N,N_KH_04010102_01,KH14,M,,PT,2019-2020,47.0
2009,A,0,C,MoEYS_Education Statistics & Indicators,A,N,N_KH_04010102_01,KH14,,,PT,2019-2020,48.0
2010,A,0,C,MoEYS_Education Statistics & Indicators,A,N,N_KH_04010102_01,KH14,,,PT,2019-2020,49.1
2011,A,0,C,MoEYS_Education Statistics & Indicators,A,N,N_KH_04010102_01,KH14,,,PT,2019-2020,42.6
2012,A,0,C,MoEYS_Education Statistics & Indicators,A,N,N_KH_04010102_01,KH14,,,PT,2019-2020,40.1
2013,A,0,C,MoEYS_Education Statistics & Indicators,A,N,N_KH_04010102_01,KH14,,,PT,2019-2020,41.2
2014,A,0,C,MoEYS_Education Statistics & Indicators,A,N,N_KH_04010102_01,KH14,,,PT,2019-2020,42.9
2015,A,0,C,MoEYS_Education Statistics & Indicators,A,N,N_KH_04010102_01,KH14,,,PT,2019-2020,44.0
2016,A,0,C,MoEYS_Education Statistics & Indicators,A,N,N_KH_04010102_01,KH14,,,PT,2019-2020,47.8
2017,A,0,C,MoEYS_Education Statistics & Indicators,A,N,N_KH_04010102_01,KH14,,,PT,2019-2020,52.6
2018,A,0,C,MoEYS_Education Statistics & Indicators,A,N,N_KH_04010102_01,KH14,,,PT,2019-2020,53.3
2019,A,0,C,MoEYS_Education Statistics & Indicators,A,N,N_KH_04010102_01,KH14,,,PT,2019-2020,52.2
2009,A,0,C,MoEYS_Education Statistics & Indicators,A,N,N_KH_04010102_01,KH15,F,,PT,2019-2020,47.4
2010,A,0,C,MoEYS_Education Statistics & Indicators,A,N,N_KH_04010102_01,KH15,F,,PT,2019-2020,46.6
2011,A,0,C,MoEYS_Education Statistics & Indicators,A,N,N_KH_04010102_01,KH15,F,,PT,2019-2020,38.6
2012,A,0,C,MoEYS_Education Statistics & Indicators,A,N,N_KH_04010102_01,KH15,F,,PT,2019-2020,33.3
2013,A,0,C,MoEYS_Education Statistics & Indicators,A,N,N_KH_04010102_01,KH15,F,,PT,2019-2020,35.3
2014,A,0,C,MoEYS_Education Statistics & Indicators,A,N,N_KH_04010102_01,KH15,F,,PT,2019-2020,35.1
2015,A,0,C,MoEYS_Education Statistics & Indicators,A,N,N_KH_04010102_01,KH15,F,,PT,2019-2020,36.3
2016,A,0,C,MoEYS_Education Statistics & Indicators,A,N,N_KH_04010102_01,KH15,F,,PT,2019-2020,41.3
2017,A,0,C,MoEYS_Education Statistics & Indicators,A,N,N_KH_04010102_01,KH15,F,,PT,2019-2020,45.9
2018,A,0,C,MoEYS_Education Statistics & Indicators,A,N,N_KH_04010102_01,KH15,F,,PT,2019-2020,45.8
2019,A,0,C,MoEYS_Education Statistics & Indicators,A,N,N_KH_04010102_01,KH15,F,,PT,2019-2020,47.0
2009,A,0,C,MoEYS_Education Statistics & Indicators,A,N,N_KH_04010102_01,KH15,M,,PT,2019-2020,45.7
2010,A,0,C,MoEYS_Education Statistics & Indicators,A,N,N_KH_04010102_01,KH15,M,,PT,2019-2020,44.5
2011,A,0,C,MoEYS_Education Statistics & Indicators,A,N,N_KH_04010102_01,KH15,M,,PT,2019-2020,34.6
2012,A,0,C,MoEYS_Education Statistics & Indicators,A,N,N_KH_04010102_01,KH15,M,,PT,2019-2020,31.2
2013,A,0,C,MoEYS_Education Statistics & Indicators,A,N,N_KH_04010102_01,KH15,M,,PT,2019-2020,31.8
2014,A,0,C,MoEYS_Education Statistics & Indicators,A,N,N_KH_04010102_01,KH15,M,,PT,2019-2020,30.1
2015,A,0,C,MoEYS_Education Statistics & Indicators,A,N,N_KH_04010102_01,KH15,M,,PT,2019-2020,30.6
2016,A,0,C,MoEYS_Education Statistics & Indicators,A,N,N_KH_04010102_01,KH15,M,,PT,2019-2020,36.3
2017,A,0,C,MoEYS_Education Statistics & Indicators,A,N,N_KH_04010102_01,KH15,M,,PT,2019-2020,36.2
2018,A,0,C,MoEYS_Education Statistics & Indicators,A,N,N_KH_04010102_01,KH15,M,,PT,2019-2020,36.5
2019,A,0,C,MoEYS_Education Statistics & Indicators,A,N,N_KH_04010102_01,KH15,M,,PT,2019-2020,38.3
2009,A,0,C,MoEYS_Education Statistics & Indicators,A,N,N_KH_04010102_01,KH15,,,PT,2019-2020,46.5
2010,A,0,C,MoEYS_Education Statistics & Indicators,A,N,N_KH_04010102_01,KH15,,,PT,2019-2020,45.6
2011,A,0,C,MoEYS_Education Statistics & Indicators,A,N,N_KH_04010102_01,KH15,,,PT,2019-2020,36.5
2012,A,0,C,MoEYS_Education Statistics & Indicators,A,N,N_KH_04010102_01,KH15,,,PT,2019-2020,32.2
2013,A,0,C,MoEYS_Education Statistics & Indicators,A,N,N_KH_04010102_01,KH15,,,PT,2019-2020,33.5
2014,A,0,C,MoEYS_Education Statistics & Indicators,A,N,N_KH_04010102_01,KH15,,,PT,2019-2020,32.5
2015,A,0,C,MoEYS_Education Statistics & Indicators,A,N,N_KH_04010102_01,KH15,,,PT,2019-2020,33.4
2016,A,0,C,MoEYS_Education Statistics & Indicators,A,N,N_KH_04010102_01,KH15,,,PT,2019-2020,38.7
2017,A,0,C,MoEYS_Education Statistics & Indicators,A,N,N_KH_04010102_01,KH15,,,PT,2019-2020,40.9
2018,A,0,C,MoEYS_Education Statistics & Indicators,A,N,N_KH_04010102_01,KH15,,,PT,2019-2020,41.0
2019,A,0,C,MoEYS_Education Statistics & Indicators,A,N,N_KH_04010102_01,KH15,,,PT,2019-2020,42.5
2009,A,0,C,MoEYS_Education Statistics & Indicators,A,N,N_KH_04010102_01,KH16,F,,PT,2019-2020,16.9
2010,A,0,C,MoEYS_Education Statistics & Indicators,A,N,N_KH_04010102_01,KH16,F,,PT,2019-2020,16.8
2011,A,0,C,MoEYS_Education Statistics & Indicators,A,N,N_KH_04010102_01,KH16,F,,PT,2019-2020,18.9
2012,A,0,C,MoEYS_Education Statistics & Indicators,A,N,N_KH_04010102_01,KH16,F,,PT,2019-2020,21.3
2013,A,0,C,MoEYS_Education Statistics & Indicators,A,N,N_KH_04010102_01,KH16,F,,PT,2019-2020,22.8
2014,A,0,C,MoEYS_Education Statistics & Indicators,A,N,N_KH_04010102_01,KH16,F,,PT,2019-2020,24.1
2015,A,0,C,MoEYS_Education Statistics & Indicators,A,N,N_KH_04010102_01,KH16,F,,PT,2019-2020,23.7
2016,A,0,C,MoEYS_Education Statistics & Indicators,A,N,N_KH_04010102_01,KH16,F,,PT,2019-2020,28.8
2017,A,0,C,MoEYS_Education Statistics & Indicators,A,N,N_KH_04010102_01,KH16,F,,PT,2019-2020,34.4
2018,A,0,C,MoEYS_Education Statistics & Indicators,A,N,N_KH_04010102_01,KH16,F,,PT,2019-2020,40.5
2019,A,0,C,MoEYS_Education Statistics & Indicators,A,N,N_KH_04010102_01,KH16,F,,PT,2019-2020,48.2
2009,A,0,C,MoEYS_Education Statistics & Indicators,A,N,N_KH_04010102_01,KH16,M,,PT,2019-2020,25.0
2010,A,0,C,MoEYS_Education Statistics & Indicators,A,N,N_KH_04010102_01,KH16,M,,PT,2019-2020,25.8
2011,A,0,C,MoEYS_Education Statistics & Indicators,A,N,N_KH_04010102_01,KH16,M,,PT,2019-2020,27.0
2012,A,0,C,MoEYS_Education Statistics & Indicators,A,N,N_KH_04010102_01,KH16,M,,PT,2019-2020,26.5
2013,A,0,C,MoEYS_Education Statistics & Indicators,A,N,N_KH_04010102_01,KH16,M,,PT,2019-2020,25.9
2014,A,0,C,MoEYS_Education Statistics & Indicators,A,N,N_KH_04010102_01,KH16,M,,PT,2019-2020,26.2
2015,A,0,C,MoEYS_Education Statistics & Indicators,A,N,N_KH_04010102_01,KH16,M,,PT,2019-2020,27.8
2016,A,0,C,MoEYS_Education Statistics & Indicators,A,N,N_KH_04010102_01,KH16,M,,PT,2019-2020,31.5
2017,A,0,C,MoEYS_Education Statistics & Indicators,A,N,N_KH_04010102_01,KH16,M,,PT,2019-2020,38.7
2018,A,0,C,MoEYS_Education Statistics & Indicators,A,N,N_KH_04010102_01,KH16,M,,PT,2019-2020,40.4
2019,A,0,C,MoEYS_Education Statistics & Indicators,A,N,N_KH_04010102_01,KH16,M,,PT,2019-2020,45.6
2009,A,0,C,MoEYS_Education Statistics & Indicators,A,N,N_KH_04010102_01,KH16,,,PT,2019-2020,21.1
2010,A,0,C,MoEYS_Education Statistics & Indicators,A,N,N_KH_04010102_01,KH16,,,PT,2019-2020,21.2
2011,A,0,C,MoEYS_Education Statistics & Indicators,A,N,N_KH_04010102_01,KH16,,,PT,2019-2020,23.1
2012,A,0,C,MoEYS_Education Statistics & Indicators,A,N,N_KH_04010102_01,KH16,,,PT,2019-2020,24.0
2013,A,0,C,MoEYS_Education Statistics & Indicators,A,N,N_KH_04010102_01,KH16,,,PT,2019-2020,24.4
2014,A,0,C,MoEYS_Education Statistics & Indicators,A,N,N_KH_04010102_01,KH16,,,PT,2019-2020,25.2
2015,A,0,C,MoEYS_Education Statistics & Indicators,A,N,N_KH_04010102_01,KH16,,,PT,2019-2020,25.8
2016,A,0,C,MoEYS_Education Statistics & Indicators,A,N,N_KH_04010102_01,KH16,,,PT,2019-2020,30.1
2017,A,0,C,MoEYS_Education Statistics & Indicators,A,N,N_KH_04010102_01,KH16,,,PT,2019-2020,36.7
2018,A,0,C,MoEYS_Education Statistics & Indicators,A,N,N_KH_04010102_01,KH16,,,PT,2019-2020,40.4
2019,A,0,C,MoEYS_Education Statistics & Indicators,A,N,N_KH_04010102_01,KH16,,,PT,2019-2020,46.8
2009,A,0,C,MoEYS_Education Statistics & Indicators,A,N,N_KH_04010102_01,KH17,F,,PT,2019-2020,43.7
2010,A,0,C,MoEYS_Education Statistics & Indicators,A,N,N_KH_04010102_01,KH17,F,,PT,2019-2020,46.6
2011,A,0,C,MoEYS_Education Statistics & Indicators,A,N,N_KH_04010102_01,KH17,F,,PT,2019-2020,42.3
2012,A,0,C,MoEYS_Education Statistics & Indicators,A,N,N_KH_04010102_01,KH17,F,,PT,2019-2020,40.8
2013,A,0,C,MoEYS_Education Statistics & Indicators,A,N,N_KH_04010102_01,KH17,F,,PT,2019-2020,41.5
2014,A,0,C,MoEYS_Education Statistics & Indicators,A,N,N_KH_04010102_01,KH17,F,,PT,2019-2020,42.3
2015,A,0,C,MoEYS_Education Statistics & Indicators,A,N,N_KH_04010102_01,KH17,F,,PT,2019-2020,43.8
2016,A,0,C,MoEYS_Education Statistics & Indicators,A,N,N_KH_04010102_01,KH17,F,,PT,2019-2020,49.9
2017,A,0,C,MoEYS_Education Statistics & Indicators,A,N,N_KH_04010102_01,KH17,F,,PT,2019-2020,52.3
2018,A,0,C,MoEYS_Education Statistics & Indicators,A,N,N_KH_04010102_01,KH17,F,,PT,2019-2020,56.0
2019,A,0,C,MoEYS_Education Statistics & Indicators,A,N,N_KH_04010102_01,KH17,F,,PT,2019-2020,55.8
2009,A,0,C,MoEYS_Education Statistics & Indicators,A,N,N_KH_04010102_01,KH17,M,,PT,2019-2020,40.9
2010,A,0,C,MoEYS_Education Statistics & Indicators,A,N,N_KH_04010102_01,KH17,M,,PT,2019-2020,43.6
2011,A,0,C,MoEYS_Education Statistics & Indicators,A,N,N_KH_04010102_01,KH17,M,,PT,2019-2020,37.1
2012,A,0,C,MoEYS_Education Statistics & Indicators,A,N,N_KH_04010102_01,KH17,M,,PT,2019-2020,33.3
2013,A,0,C,MoEYS_Education Statistics & Indicators,A,N,N_KH_04010102_01,KH17,M,,PT,2019-2020,31.1
2014,A,0,C,MoEYS_Education Statistics & Indicators,A,N,N_KH_04010102_01,KH17,M,,PT,2019-2020,31.8
2015,A,0,C,MoEYS_Education Statistics & Indicators,A,N,N_KH_04010102_01,KH17,M,,PT,2019-2020,34.3
2016,A,0,C,MoEYS_Education Statistics & Indicators,A,N,N_KH_04010102_01,KH17,M,,PT,2019-2020,35.8
2017,A,0,C,MoEYS_Education Statistics & Indicators,A,N,N_KH_04010102_01,KH17,M,,PT,2019-2020,36.6
2018,A,0,C,MoEYS_Education Statistics & Indicators,A,N,N_KH_04010102_01,KH17,M,,PT,2019-2020,40.1
2019,A,0,C,MoEYS_Education Statistics & Indicators,A,N,N_KH_04010102_01,KH17,M,,PT,2019-2020,41.2
2009,A,0,C,MoEYS_Education Statistics & Indicators,A,N,N_KH_04010102_01,KH17,,,PT,2019-2020,42.3
2010,A,0,C,MoEYS_Education Statistics & Indicators,A,N,N_KH_04010102_01,KH17,,,PT,2019-2020,45.1
2011,A,0,C,MoEYS_Education Statistics & Indicators,A,N,N_KH_04010102_01,KH17,,,PT,2019-2020,39.6
2012,A,0,C,MoEYS_Education Statistics & Indicators,A,N,N_KH_04010102_01,KH17,,,PT,2019-2020,37.0
2013,A,0,C,MoEYS_Education Statistics & Indicators,A,N,N_KH_04010102_01,KH17,,,PT,2019-2020,36.2
2014,A,0,C,MoEYS_Education Statistics & Indicators,A,N,N_KH_04010102_01,KH17,,,PT,2019-2020,36.9
2015,A,0,C,MoEYS_Education Statistics & Indicators,A,N,N_KH_04010102_01,KH17,,,PT,2019-2020,38.9
2016,A,0,C,MoEYS_Education Statistics & Indicators,A,N,N_KH_04010102_01,KH17,,,PT,2019-2020,42.6
2017,A,0,C,MoEYS_Education Statistics & Indicators,A,N,N_KH_04010102_01,KH17,,,PT,2019-2020,44.2
2018,A,0,C,MoEYS_Education Statistics & Indicators,A,N,N_KH_04010102_01,KH17,,,PT,2019-2020,47.8
2019,A,0,C,MoEYS_Education Statistics & Indicators,A,N,N_KH_04010102_01,KH17,,,PT,2019-2020,48.3
2009,A,0,C,MoEYS_Education Statistics & Indicators,A,N,N_KH_04010102_01,KH19,F,,PT,2019-2020,38.0
2010,A,0,C,MoEYS_Education Statistics & Indicators,A,N,N_KH_04010102_01,KH19,F,,PT,2019-2020,40.3
2011,A,0,C,MoEYS_Education Statistics & Indicators,A,N,N_KH_04010102_01,KH19,F,,PT,2019-2020,36.0
2012,A,0,C,MoEYS_Education Statistics & Indicators,A,N,N_KH_04010102_01,KH19,F,,PT,2019-2020,30.9
2013,A,0,C,MoEYS_Education Statistics & Indicators,A,N,N_KH_04010102_01,KH19,F,,PT,2019-2020,30.3
2014,A,0,C,MoEYS_Education Statistics & Indicators,A,N,N_KH_04010102_01,KH19,F,,PT,2019-2020,27.7
2015,A,0,C,MoEYS_Education Statistics & Indicators,A,N,N_KH_04010102_01,KH19,F,,PT,2019-2020,27.4
2016,A,0,C,MoEYS_Education Statistics & Indicators,A,N,N_KH_04010102_01,KH19,F,,PT,2019-2020,28.9
2017,A,0,C,MoEYS_Education Statistics & Indicators,A,N,N_KH_04010102_01,KH19,F,,PT,2019-2020,34.0
2018,A,0,C,MoEYS_Education Statistics & Indicators,A,N,N_KH_04010102_01,KH19,F,,PT,2019-2020,36.8
2019,A,0,C,MoEYS_Education Statistics & Indicators,A,N,N_KH_04010102_01,KH19,F,,PT,2019-2020,40.4
2009,A,0,C,MoEYS_Education Statistics & Indicators,A,N,N_KH_04010102_01,KH19,M,,PT,2019-2020,39.0
2010,A,0,C,MoEYS_Education Statistics & Indicators,A,N,N_KH_04010102_01,KH19,M,,PT,2019-2020,42.9
2011,A,0,C,MoEYS_Education Statistics & Indicators,A,N,N_KH_04010102_01,KH19,M,,PT,2019-2020,31.1
2012,A,0,C,MoEYS_Education Statistics & Indicators,A,N,N_KH_04010102_01,KH19,M,,PT,2019-2020,30.7
2013,A,0,C,MoEYS_Education Statistics & Indicators,A,N,N_KH_04010102_01,KH19,M,,PT,2019-2020,32.2
2014,A,0,C,MoEYS_Education Statistics & Indicators,A,N,N_KH_04010102_01,KH19,M,,PT,2019-2020,29.5
2015,A,0,C,MoEYS_Education Statistics & Indicators,A,N,N_KH_04010102_01,KH19,M,,PT,2019-2020,24.6
2016,A,0,C,MoEYS_Education Statistics & Indicators,A,N,N_KH_04010102_01,KH19,M,,PT,2019-2020,27.8
2017,A,0,C,MoEYS_Education Statistics & Indicators,A,N,N_KH_04010102_01,KH19,M,,PT,2019-2020,33.2
2018,A,0,C,MoEYS_Education Statistics & Indicators,A,N,N_KH_04010102_01,KH19,M,,PT,2019-2020,34.6
2019,A,0,C,MoEYS_Education Statistics & Indicators,A,N,N_KH_04010102_01,KH19,M,,PT,2019-2020,35.6
2009,A,0,C,MoEYS_Education Statistics & Indicators,A,N,N_KH_04010102_01,KH19,,,PT,2019-2020,38.5
2010,A,0,C,MoEYS_Education Statistics & Indicators,A,N,N_KH_04010102_01,KH19,,,PT,2019-2020,41.6
2011,A,0,C,MoEYS_Education Statistics & Indicators,A,N,N_KH_04010102_01,KH19,,,PT,2019-2020,33.5
2012,A,0,C,MoEYS_Education Statistics & Indicators,A,N,N_KH_04010102_01,KH19,,,PT,2019-2020,30.8
2013,A,0,C,MoEYS_Education Statistics & Indicators,A,N,N_KH_04010102_01,KH19,,,PT,2019-2020,31.2
2014,A,0,C,MoEYS_Education Statistics & Indicators,A,N,N_KH_04010102_01,KH19,,,PT,2019-2020,28.6
2015,A,0,C,MoEYS_Education Statistics & Indicators,A,N,N_KH_04010102_01,KH19,,,PT,2019-2020,26.0
2016,A,0,C,MoEYS_Education Statistics & Indicators,A,N,N_KH_04010102_01,KH19,,,PT,2019-2020,28.4
2017,A,0,C,MoEYS_Education Statistics & Indicators,A,N,N_KH_04010102_01,KH19,,,PT,2019-2020,33.6
2018,A,0,C,MoEYS_Education Statistics & Indicators,A,N,N_KH_04010102_01,KH19,,,PT,2019-2020,35.6
2019,A,0,C,MoEYS_Education Statistics & Indicators,A,N,N_KH_04010102_01,KH19,,,PT,2019-2020,38.0
2009,A,0,C,MoEYS_Education Statistics & Indicators,A,N,N_KH_04010102_01,KH20,F,,PT,2019-2020,48.0
2010,A,0,C,MoEYS_Education Statistics & Indicators,A,N,N_KH_04010102_01,KH20,F,,PT,2019-2020,38.7
2011,A,0,C,MoEYS_Education Statistics & Indicators,A,N,N_KH_04010102_01,KH20,F,,PT,2019-2020,42.4
2012,A,0,C,MoEYS_Education Statistics & Indicators,A,N,N_KH_04010102_01,KH20,F,,PT,2019-2020,40.3
2013,A,0,C,MoEYS_Education Statistics & Indicators,A,N,N_KH_04010102_01,KH20,F,,PT,2019-2020,40.2
2014,A,0,C,MoEYS_Education Statistics & Indicators,A,N,N_KH_04010102_01,KH20,F,,PT,2019-2020,44.6
2015,A,0,C,MoEYS_Education Statistics & Indicators,A,N,N_KH_04010102_01,KH20,F,,PT,2019-2020,48.6
2016,A,0,C,MoEYS_Education Statistics & Indicators,A,N,N_KH_04010102_01,KH20,F,,PT,2019-2020,56.6
2017,A,0,C,MoEYS_Education Statistics & Indicators,A,N,N_KH_04010102_01,KH20,F,,PT,2019-2020,58.1
2018,A,0,C,MoEYS_Education Statistics & Indicators,A,N,N_KH_04010102_01,KH20,F,,PT,2019-2020,62.9
2019,A,0,C,MoEYS_Education Statistics & Indicators,A,N,N_KH_04010102_01,KH20,F,,PT,2019-2020,58.6
2009,A,0,C,MoEYS_Education Statistics & Indicators,A,N,N_KH_04010102_01,KH20,M,,PT,2019-2020,59.0
2010,A,0,C,MoEYS_Education Statistics & Indicators,A,N,N_KH_04010102_01,KH20,M,,PT,2019-2020,62.4
2011,A,0,C,MoEYS_Education Statistics & Indicators,A,N,N_KH_04010102_01,KH20,M,,PT,2019-2020,52.1
2012,A,0,C,MoEYS_Education Statistics & Indicators,A,N,N_KH_04010102_01,KH20,M,,PT,2019-2020,49.3
2013,A,0,C,MoEYS_Education Statistics & Indicators,A,N,N_KH_04010102_01,KH20,M,,PT,2019-2020,47.8
2014,A,0,C,MoEYS_Education Statistics & Indicators,A,N,N_KH_04010102_01,KH20,M,,PT,2019-2020,48.8
2015,A,0,C,MoEYS_Education Statistics & Indicators,A,N,N_KH_04010102_01,KH20,M,,PT,2019-2020,47.9
2016,A,0,C,MoEYS_Education Statistics & Indicators,A,N,N_KH_04010102_01,KH20,M,,PT,2019-2020,50.4
2017,A,0,C,MoEYS_Education Statistics & Indicators,A,N,N_KH_04010102_01,KH20,M,,PT,2019-2020,52.6
2018,A,0,C,MoEYS_Education Statistics & Indicators,A,N,N_KH_04010102_01,KH20,M,,PT,2019-2020,50.8
2019,A,0,C,MoEYS_Education Statistics & Indicators,A,N,N_KH_04010102_01,KH20,M,,PT,2019-2020,48.4
2009,A,0,C,MoEYS_Education Statistics & Indicators,A,N,N_KH_04010102_01,KH20,,,PT,2019-2020,53.8
2010,A,0,C,MoEYS_Education Statistics & Indicators,A,N,N_KH_04010102_01,KH20,,,PT,2019-2020,49.7
2011,A,0,C,MoEYS_Education Statistics & Indicators,A,N,N_KH_04010102_01,KH20,,,PT,2019-2020,47.4
2012,A,0,C,MoEYS_Education Statistics & Indicators,A,N,N_KH_04010102_01,KH20,,,PT,2019-2020,45.0
2013,A,0,C,MoEYS_Education Statistics & Indicators,A,N,N_KH_04010102_01,KH20,,,PT,2019-2020,44.2
2014,A,0,C,MoEYS_Education Statistics & Indicators,A,N,N_KH_04010102_01,KH20,,,PT,2019-2020,46.8
2015,A,0,C,MoEYS_Education Statistics & Indicators,A,N,N_KH_04010102_01,KH20,,,PT,2019-2020,48.3
2016,A,0,C,MoEYS_Education Statistics & Indicators,A,N,N_KH_04010102_01,KH20,,,PT,2019-2020,53.3
2017,A,0,C,MoEYS_Education Statistics & Indicators,A,N,N_KH_04010102_01,KH20,,,PT,2019-2020,55.2
2018,A,0,C,MoEYS_Education Statistics & Indicators,A,N,N_KH_04010102_01,KH20,,,PT,2019-2020,56.5
2019,A,0,C,MoEYS_Education Statistics & Indicators,A,N,N_KH_04010102_01,KH20,,,PT,2019-2020,53.2
2009,A,0,C,MoEYS_Education Statistics & Indicators,A,N,N_KH_04010102_01,KH21,F,,PT,2019-2020,60.8
2010,A,0,C,MoEYS_Education Statistics & Indicators,A,N,N_KH_04010102_01,KH21,F,,PT,2019-2020,58.7
2011,A,0,C,MoEYS_Education Statistics & Indicators,A,N,N_KH_04010102_01,KH21,F,,PT,2019-2020,52.7
2012,A,0,C,MoEYS_Education Statistics & Indicators,A,N,N_KH_04010102_01,KH21,F,,PT,2019-2020,52.9
2013,A,0,C,MoEYS_Education Statistics & Indicators,A,N,N_KH_04010102_01,KH21,F,,PT,2019-2020,52.9
2014,A,0,C,MoEYS_Education Statistics & Indicators,A,N,N_KH_04010102_01,KH21,F,,PT,2019-2020,57.5
2015,A,0,C,MoEYS_Education Statistics & Indicators,A,N,N_KH_04010102_01,KH21,F,,PT,2019-2020,57.6
2016,A,0,C,MoEYS_Education Statistics & Indicators,A,N,N_KH_04010102_01,KH21,F,,PT,2019-2020,61.8
2017,A,0,C,MoEYS_Education Statistics & Indicators,A,N,N_KH_04010102_01,KH21,F,,PT,2019-2020,65.7
2018,A,0,C,MoEYS_Education Statistics & Indicators,A,N,N_KH_04010102_01,KH21,F,,PT,2019-2020,65.0
2019,A,0,C,MoEYS_Education Statistics & Indicators,A,N,N_KH_04010102_01,KH21,F,,PT,2019-2020,60.3
2009,A,0,C,MoEYS_Education Statistics & Indicators,A,N,N_KH_04010102_01,KH21,M,,PT,2019-2020,69.4
2010,A,0,C,MoEYS_Education Statistics & Indicators,A,N,N_KH_04010102_01,KH21,M,,PT,2019-2020,66.2
2011,A,0,C,MoEYS_Education Statistics & Indicators,A,N,N_KH_04010102_01,KH21,M,,PT,2019-2020,58.9
2012,A,0,C,MoEYS_Education Statistics & Indicators,A,N,N_KH_04010102_01,KH21,M,,PT,2019-2020,56.3
2013,A,0,C,MoEYS_Education Statistics & Indicators,A,N,N_KH_04010102_01,KH21,M,,PT,2019-2020,55.2
2014,A,0,C,MoEYS_Education Statistics & Indicators,A,N,N_KH_04010102_01,KH21,M,,PT,2019-2020,57.1
2015,A,0,C,MoEYS_Education Statistics & Indicators,A,N,N_KH_04010102_01,KH21,M,,PT,2019-2020,54.0
2016,A,0,C,MoEYS_Education Statistics & Indicators,A,N,N_KH_04010102_01,KH21,M,,PT,2019-2020,55.5
2017,A,0,C,MoEYS_Education Statistics & Indicators,A,N,N_KH_04010102_01,KH21,M,,PT,2019-2020,57.8
2018,A,0,C,MoEYS_Education Statistics & Indicators,A,N,N_KH_04010102_01,KH21,M,,PT,2019-2020,55.7
2019,A,0,C,MoEYS_Education Statistics & Indicators,A,N,N_KH_04010102_01,KH21,M,,PT,2019-2020,50.0
2009,A,0,C,MoEYS_Education Statistics & Indicators,A,N,N_KH_04010102_01,KH21,,,PT,2019-2020,65.3
2010,A,0,C,MoEYS_Education Statistics & Indicators,A,N,N_KH_04010102_01,KH21,,,PT,2019-2020,62.5
2011,A,0,C,MoEYS_Education Statistics & Indicators,A,N,N_KH_04010102_01,KH21,,,PT,2019-2020,55.9
2012,A,0,C,MoEYS_Education Statistics & Indicators,A,N,N_KH_04010102_01,KH21,,,PT,2019-2020,54.7
2013,A,0,C,MoEYS_Education Statistics & Indicators,A,N,N_KH_04010102_01,KH21,,,PT,2019-2020,54.1
2014,A,0,C,MoEYS_Education Statistics & Indicators,A,N,N_KH_04010102_01,KH21,,,PT,2019-2020,57.3
2015,A,0,C,MoEYS_Education Statistics & Indicators,A,N,N_KH_04010102_01,KH21,,,PT,2019-2020,55.7
2016,A,0,C,MoEYS_Education Statistics & Indicators,A,N,N_KH_04010102_01,KH21,,,PT,2019-2020,58.5
2017,A,0,C,MoEYS_Education Statistics & Indicators,A,N,N_KH_04010102_01,KH21,,,PT,2019-2020,61.5
2018,A,0,C,MoEYS_Education Statistics & Indicators,A,N,N_KH_04010102_01,KH21,,,PT,2019-2020,60.1
2019,A,0,C,MoEYS_Education Statistics & Indicators,A,N,N_KH_04010102_01,KH21,,,PT,2019-2020,54.9
2014,A,0,C,MoEYS_Education Statistics & Indicators,A,N,N_KH_04010102_01,KH25,F,,PT,2019-2020,34.8
2015,A,0,C,MoEYS_Education Statistics & Indicators,A,N,N_KH_04010102_01,KH25,F,,PT,2019-2020,35.3
2016,A,0,C,MoEYS_Education Statistics & Indicators,A,N,N_KH_04010102_01,KH25,F,,PT,2019-2020,41.8
2017,A,0,C,MoEYS_Education Statistics & Indicators,A,N,N_KH_04010102_01,KH25,F,,PT,2019-2020,45.4
2018,A,0,C,MoEYS_Education Statistics & Indicators,A,N,N_KH_04010102_01,KH25,F,,PT,2019-2020,45.5
2019,A,0,C,MoEYS_Education Statistics & Indicators,A,N,N_KH_04010102_01,KH25,F,,PT,2019-2020,47.2
2014,A,0,C,MoEYS_Education Statistics & Indicators,A,N,N_KH_04010102_01,KH25,M,,PT,2019-2020,30.3
2015,A,0,C,MoEYS_Education Statistics & Indicators,A,N,N_KH_04010102_01,KH25,M,,PT,2019-2020,29.7
2016,A,0,C,MoEYS_Education Statistics & Indicators,A,N,N_KH_04010102_01,KH25,M,,PT,2019-2020,31.2
2017,A,0,C,MoEYS_Education Statistics & Indicators,A,N,N_KH_04010102_01,KH25,M,,PT,2019-2020,33.8
2018,A,0,C,MoEYS_Education Statistics & Indicators,A,N,N_KH_04010102_01,KH25,M,,PT,2019-2020,35.2
2019,A,0,C,MoEYS_Education Statistics & Indicators,A,N,N_KH_04010102_01,KH25,M,,PT,2019-2020,34.6
2014,A,0,C,MoEYS_Education Statistics & Indicators,A,N,N_KH_04010102_01,KH25,,,PT,2019-2020,32.5
2015,A,0,C,MoEYS_Education Statistics & Indicators,A,N,N_KH_04010102_01,KH25,,,PT,2019-2020,32.4
2016,A,0,C,MoEYS_Education Statistics & Indicators,A,N,N_KH_04010102_01,KH25,,,PT,2019-2020,36.3
2017,A,0,C,MoEYS_Education Statistics & Indicators,A,N,N_KH_04010102_01,KH25,,,PT,2019-2020,39.4
2018,A,0,C,MoEYS_Education Statistics & Indicators,A,N,N_KH_04010102_01,KH25,,,PT,2019-2020,40.1
2019,A,0,C,MoEYS_Education Statistics & Indicators,A,N,N_KH_04010102_01,KH25,,,PT,2019-2020,40.6
